name,version,licenses
github.com/argoproj/argo-rollouts/pkg/apis/rollouts,1.5.1,Apache-2.0
github.com/argoproj/argo-rollouts/pkg/apis/rollouts/v1alpha1,1.5.1,Apache-2.0
github.com/argoproj/argo-rollouts/pkg/client/clientset/versioned,1.5.1,Apache-2.0
github.com/argoproj/argo-rollouts/pkg/client/clientset/versioned/scheme,1.5.1,Apache-2.0
github.com/argoproj/argo-rollouts/pkg/client/clientset/versioned/typed/rollouts/v1alpha1,1.5.1,Apache-2.0
github.com/argoproj/argo-rollouts/pkg/client/informers/externalversions,1.5.1,Apache-2.0
github.com/argoproj/argo-rollouts/pkg/client/informers/externalversions/internalinterfaces,1.5.1,Apache-2.0
github.com/argoproj/argo-rollouts/pkg/client/informers/externalversions/rollouts,1.5.1,Apache-2.0
github.com/argoproj/argo-rollouts/pkg/client/informers/externalversions/rollouts/v1alpha1,1.5.1,Apache-2.0
github.com/argoproj/argo-rollouts/pkg/client/listers/rollouts/v1alpha1,1.5.1,Apache-2.0
github.com/argoproj/argo-rollouts/pkg/kubectl-argo-rollouts/cmd/abort,1.5.1,Apache-2.0
github.com/argoproj/argo-rollouts/pkg/kubectl-argo-rollouts/cmd/promote,1.5.1,Apache-2.0
github.com/argoproj/argo-rollouts/pkg/kubectl-argo-rollouts/cmd/restart,1.5.1,Apache-2.0
github.com/argoproj/argo-rollouts/pkg/kubectl-argo-rollouts/cmd/retry,1.5.1,Apache-2.0
github.com/argoproj/argo-rollouts/pkg/kubectl-argo-rollouts/cmd/undo,1.5.1,Apache-2.0
github.com/argoproj/argo-rollouts/pkg/kubectl-argo-rollouts/options,1.5.1,Apache-2.0
github.com/argoproj/argo-rollouts/pkg/kubectl-argo-rollouts/util/completion,1.5.1,Apache-2.0
github.com/argoproj/argo-rollouts/utils/annotations,1.5.1,Apache-2.0
github.com/argoproj/argo-rollouts/utils/conditions,1.5.1,Apache-2.0
github.com/argoproj/argo-rollouts/utils/defaults,1.5.1,Apache-2.0
github.com/argoproj/argo-rollouts/utils/experiment,1.5.1,Apache-2.0
github.com/argoproj/argo-rollouts/utils/hash,1.5.1,Apache-2.0
github.com/argoproj/argo-rollouts/utils/log,1.5.1,Apache-2.0
github.com/argoproj/argo-rollouts/utils/replicaset,1.5.1,Apache-2.0
github.com/argoproj/argo-rollouts/utils/time,1.5.1,Apache-2.0
github.com/argoproj/argo-rollouts/utils/unstructured,1.5.1,Apache-2.0
github.com/asaskevich/govalidator,#f21760c49a8d,MIT
github.com/beorn7/perks/quantile,1.0.1,MIT
github.com/blang/semver/v4,4.0.0,MIT
github.com/bombsimon/logrusr/v4,4.0.0,"MIT, Unknown"
github.com/BurntSushi/toml,1.2.1,MIT
github.com/BurntSushi/toml/internal,1.2.1,MIT
github.com/cenkalti/backoff/v4,4.1.3,MIT
github.com/cespare/xxhash/v2,2.2.0,MIT
github.com/chai2010/gettext-go,1.0.2,BSD-3-Clause
github.com/chai2010/gettext-go/mo,1.0.2,BSD-3-Clause
github.com/chai2010/gettext-go/plural,1.0.2,BSD-3-Clause
github.com/chai2010/gettext-go/po,1.0.2,BSD-3-Clause
github.com/circleci/ex/o11y,1.0.4018-98dda18,MIT
github.com/circleci/ex/worker,1.0.4018-98dda18,MIT
github.com/containerd/containerd,1.6.19,Apache-2.0
github.com/containerd/containerd/api/services/containers/v1,1.6.19,Apache-2.0
github.com/containerd/containerd/api/services/content/v1,1.6.19,Apache-2.0
github.com/containerd/containerd/api/services/diff/v1,1.6.19,Apache-2.0
github.com/containerd/containerd/api/services/events/v1,1.6.19,Apache-2.0
github.com/containerd/containerd/api/services/images/v1,1.6.19,Apache-2.0
github.com/containerd/containerd/api/services/introspection/v1,1.6.19,Apache-2.0
github.com/containerd/containerd/api/services/leases/v1,1.6.19,Apache-2.0
github.com/containerd/containerd/api/services/namespaces/v1,1.6.19,Apache-2.0
github.com/containerd/containerd/api/services/snapshots/v1,1.6.19,Apache-2.0
github.com/containerd/containerd/api/services/tasks/v1,1.6.19,Apache-2.0
github.com/containerd/containerd/api/services/version/v1,1.6.19,Apache-2.0
github.com/containerd/containerd/api/types,1.6.19,Apache-2.0
github.com/containerd/containerd/api/types/task,1.6.19,Apache-2.0
github.com/containerd/containerd/archive,1.6.19,Apache-2.0
github.com/containerd/containerd/archive/compression,1.6.19,Apache-2.0
github.com/containerd/containerd/cio,1.6.19,Apache-2.0
github.com/containerd/containerd/containers,1.6.19,Apache-2.0
github.com/containerd/containerd/content,1.6.19,Apache-2.0
github.com/containerd/containerd/content/local,1.6.19,Apache-2.0
github.com/containerd/containerd/content/proxy,1.6.19,Apache-2.0
github.com/containerd/containerd/defaults,1.6.19,Apache-2.0
github.com/containerd/containerd/diff,1.6.19,Apache-2.0
github.com/containerd/containerd/errdefs,1.6.19,Apache-2.0
github.com/containerd/containerd/events,1.6.19,Apache-2.0
github.com/containerd/containerd/events/exchange,1.6.19,Apache-2.0
github.com/containerd/containerd/filters,1.6.19,Apache-2.0
github.com/containerd/containerd/identifiers,1.6.19,Apache-2.0
github.com/containerd/containerd/images,1.6.19,Apache-2.0
github.com/containerd/containerd/images/archive,1.6.19,Apache-2.0
github.com/containerd/containerd/labels,1.6.19,Apache-2.0
github.com/containerd/containerd/leases,1.6.19,Apache-2.0
github.com/containerd/containerd/leases/proxy,1.6.19,Apache-2.0
github.com/containerd/containerd/log,1.6.19,Apache-2.0
github.com/containerd/containerd/mount,1.6.19,Apache-2.0
github.com/containerd/containerd/namespaces,1.6.19,Apache-2.0
github.com/containerd/containerd/oci,1.6.19,Apache-2.0
github.com/containerd/containerd/pkg/cap,1.6.19,Apache-2.0
github.com/containerd/containerd/pkg/dialer,1.6.19,Apache-2.0
github.com/containerd/containerd/pkg/kmutex,1.6.19,Apache-2.0
github.com/containerd/containerd/pkg/userns,1.6.19,Apache-2.0
github.com/containerd/containerd/platforms,1.6.19,Apache-2.0
github.com/containerd/containerd/plugin,1.6.19,Apache-2.0
github.com/containerd/containerd/reference,1.6.19,Apache-2.0
github.com/containerd/containerd/reference/docker,1.6.19,Apache-2.0
github.com/containerd/containerd/remotes,1.6.19,Apache-2.0
github.com/containerd/containerd/remotes/docker,1.6.19,Apache-2.0
github.com/containerd/containerd/remotes/docker/auth,1.6.19,Apache-2.0
github.com/containerd/containerd/remotes/docker/schema1,1.6.19,Apache-2.0
github.com/containerd/containerd/remotes/errors,1.6.19,Apache-2.0
github.com/containerd/containerd/rootfs,1.6.19,Apache-2.0
github.com/containerd/containerd/runtime/linux/runctypes,1.6.19,Apache-2.0
github.com/containerd/containerd/runtime/v2/runc/options,1.6.19,Apache-2.0
github.com/containerd/containerd/services,1.6.19,Apache-2.0
github.com/containerd/containerd/services/introspection,1.6.19,Apache-2.0
github.com/containerd/containerd/snapshots,1.6.19,Apache-2.0
github.com/containerd/containerd/snapshots/proxy,1.6.19,Apache-2.0
github.com/containerd/containerd/version,1.6.19,Apache-2.0
github.com/containerd/continuity/fs,0.3.0,Apache-2.0
github.com/containerd/continuity/sysx,0.3.0,Apache-2.0
github.com/containerd/fifo,1.0.0,Apache-2.0
github.com/containerd/ttrpc,1.1.0,Apache-2.0
github.com/containerd/typeurl,1.0.2,Apache-2.0
github.com/cyphar/filepath-securejoin,0.2.3,BSD-3-Clause
github.com/DataDog/datadog-go/statsd,4.8.3,MIT
github.com/davecgh/go-spew/spew,1.1.1,0BSD
github.com/docker/cli/cli/config,20.10.21,Apache-2.0
github.com/docker/cli/cli/config/configfile,20.10.21,Apache-2.0
github.com/docker/cli/cli/config/credentials,20.10.21,Apache-2.0
github.com/docker/cli/cli/config/types,20.10.21,Apache-2.0
github.com/docker/distribution,2.8.1,Apache-2.0
github.com/docker/distribution/digestset,2.8.1,Apache-2.0
github.com/docker/distribution/metrics,2.8.1,Apache-2.0
github.com/docker/distribution/reference,2.8.1,Apache-2.0
github.com/docker/distribution/registry/api/errcode,2.8.1,Apache-2.0
github.com/docker/distribution/registry/api/v2,2.8.1,Apache-2.0
github.com/docker/distribution/registry/client,2.8.1,Apache-2.0
github.com/docker/distribution/registry/client/auth,2.8.1,Apache-2.0
github.com/docker/distribution/registry/client/auth/challenge,2.8.1,Apache-2.0
github.com/docker/distribution/registry/client/transport,2.8.1,Apache-2.0
github.com/docker/distribution/registry/storage/cache,2.8.1,Apache-2.0
github.com/docker/distribution/registry/storage/cache/memory,2.8.1,Apache-2.0
github.com/docker/docker/api/types,20.10.21,Apache-2.0
github.com/docker/docker/api/types/blkiodev,20.10.21,Apache-2.0
github.com/docker/docker/api/types/container,20.10.21,Apache-2.0
github.com/docker/docker/api/types/filters,20.10.21,Apache-2.0
github.com/docker/docker/api/types/mount,20.10.21,Apache-2.0
github.com/docker/docker/api/types/network,20.10.21,Apache-2.0
github.com/docker/docker/api/types/registry,20.10.21,Apache-2.0
github.com/docker/docker/api/types/strslice,20.10.21,Apache-2.0
github.com/docker/docker/api/types/swarm,20.10.21,Apache-2.0
github.com/docker/docker/api/types/swarm/runtime,20.10.21,Apache-2.0
github.com/docker/docker/api/types/versions,20.10.21,Apache-2.0
github.com/docker/docker-credential-helpers/client,0.7.0,MIT
github.com/docker/docker-credential-helpers/credentials,0.7.0,MIT
github.com/docker/docker/errdefs,20.10.21,Apache-2.0
github.com/docker/docker/pkg/homedir,20.10.21,Apache-2.0
github.com/docker/docker/pkg/ioutils,20.10.21,Apache-2.0
github.com/docker/docker/pkg/jsonmessage,20.10.21,Apache-2.0
github.com/docker/docker/pkg/stringid,20.10.21,Apache-2.0
github.com/docker/docker/registry,20.10.21,Apache-2.0
github.com/docker/docker/rootless,20.10.21,Apache-2.0
github.com/docker/go-connections/nat,0.4.0,Apache-2.0
github.com/docker/go-connections/tlsconfig,0.4.0,Apache-2.0
github.com/docker/go-events,#e31b211e4f1c,Apache-2.0
github.com/docker/go-metrics,0.0.1,"Apache-2.0, CC-BY-4.0, CC-BY-NC-SA-4.0, CC-BY-SA-4.0"
github.com/docker/go-units,0.5.0,Apache-2.0
github.com/emicklei/go-restful/v3,3.10.1,MIT
github.com/emicklei/go-restful/v3/log,3.10.1,MIT
github.com/evanphx/json-patch,5.6.0,"BSD-2-Clause, BSD-3-Clause"
github.com/evanphx/json-patch/v5,5.6.0,"BSD-2-Clause, BSD-3-Clause"
github.com/exponent-io/jsonpath,#1de76d718b3f,MIT
github.com/fatih/camelcase,1.0.0,MIT
github.com/fatih/color,1.13.0,MIT
github.com/fsnotify/fsnotify,1.6.0,BSD-3-Clause
github.com/ghodss/yaml,#25d852aebe32,"BSD-3-Clause, MIT"
github.com/gobwas/glob,0.2.3,MIT
github.com/gobwas/glob/compiler,0.2.3,MIT
github.com/gobwas/glob/match,0.2.3,MIT
github.com/gobwas/glob/syntax,0.2.3,MIT
github.com/gobwas/glob/syntax/ast,0.2.3,MIT
github.com/gobwas/glob/syntax/lexer,0.2.3,MIT
github.com/gobwas/glob/util/runes,0.2.3,MIT
github.com/gobwas/glob/util/strings,0.2.3,MIT
github.com/go-errors/errors,1.4.2,MIT
github.com/gogo/googleapis/google/rpc,1.4.0,Apache-2.0
github.com/gogo/protobuf/proto,1.3.2,BSD-3-Clause
github.com/gogo/protobuf/sortkeys,1.3.2,BSD-3-Clause
github.com/gogo/protobuf/types,1.3.2,BSD-3-Clause
github.com/go-gorp/gorp/v3,3.1.0,MIT
github.com/golang/groupcache/lru,#41bb18bfe9da,Apache-2.0
github.com/golang/protobuf/jsonpb,1.5.3,BSD-3-Clause
github.com/golang/protobuf/proto,1.5.3,BSD-3-Clause
github.com/golang/protobuf/ptypes,1.5.3,BSD-3-Clause
github.com/golang/protobuf/ptypes/any,1.5.3,BSD-3-Clause
github.com/golang/protobuf/ptypes/duration,1.5.3,BSD-3-Clause
github.com/golang/protobuf/ptypes/timestamp,1.5.3,BSD-3-Clause
github.com/go-logr/logr,1.2.4,Apache-2.0
github.com/go-logr/zapr,1.2.3,Apache-2.0
github.com/google/btree,1.1.2,Apache-2.0
github.com/google/gnostic/compiler,0.6.9,Apache-2.0
github.com/google/gnostic/extensions,0.6.9,Apache-2.0
github.com/google/gnostic/jsonschema,0.6.9,Apache-2.0
github.com/google/gnostic/openapiv2,0.6.9,Apache-2.0
github.com/google/gnostic/openapiv3,0.6.9,Apache-2.0
github.com/google/go-cmp/cmp,0.5.9,BSD-3-Clause
github.com/google/go-cmp/cmp/internal/diff,0.5.9,BSD-3-Clause
github.com/google/go-cmp/cmp/internal/flags,0.5.9,BSD-3-Clause
github.com/google/go-cmp/cmp/internal/function,0.5.9,BSD-3-Clause
github.com/google/go-cmp/cmp/internal/value,0.5.9,BSD-3-Clause
github.com/google/gofuzz,1.2.0,Apache-2.0
github.com/google/gofuzz/bytesource,1.2.0,Apache-2.0
github.com/google/shlex,#e7afc7fbc510,Apache-2.0
github.com/google/uuid,1.3.0,BSD-3-Clause
github.com/go-openapi/jsonpointer,0.19.6,Apache-2.0
github.com/go-openapi/jsonreference,0.20.2,Apache-2.0
github.com/go-openapi/jsonreference/internal,0.20.2,Apache-2.0
github.com/go-openapi/swag,0.22.3,Apache-2.0
github.com/gorilla/mux,1.8.0,BSD-3-Clause
github.com/gosuri/uitable,0.0.4,MIT
github.com/gosuri/uitable/util/strutil,0.0.4,MIT
github.com/gosuri/uitable/util/wordwrap,0.0.4,MIT
github.com/gregjones/httpcache,#901d90724c79,MIT
github.com/hashicorp/go-cleanhttp,0.5.2,MPL-2.0
github.com/hashicorp/go-retryablehttp,0.7.1,MPL-2.0
github.com/huandu/xstrings,1.4.0,MIT
github.com/imdario/mergo,0.3.13,BSD-3-Clause
github.com/jmoiron/sqlx,1.3.5,MIT
github.com/jmoiron/sqlx/reflectx,1.3.5,MIT
github.com/josharian/intern,1.0.0,MIT
github.com/json-iterator/go,1.1.12,MIT
github.com/kelseyhightower/envconfig,1.4.0,MIT
github.com/klauspost/compress,1.15.12,BSD-3-Clause
github.com/klauspost/compress/fse,1.15.12,BSD-3-Clause
github.com/klauspost/compress/huff0,1.15.12,BSD-3-Clause
github.com/klauspost/compress/internal/cpuinfo,1.15.12,BSD-3-Clause
github.com/klauspost/compress/internal/snapref,1.15.12,BSD-3-Clause
github.com/klauspost/compress/zstd,1.15.12,BSD-3-Clause
github.com/klauspost/compress/zstd/internal/xxhash,1.15.12,BSD-3-Clause
github.com/lann/builder,#47ae307949d0,MIT
github.com/lann/ps,#62de8c46ede0,MIT
github.com/lib/pq,1.10.7,MIT
github.com/lib/pq/oid,1.10.7,MIT
github.com/lib/pq/scram,1.10.7,MIT
github.com/liggitt/tabwriter,#89fcab3d43de,BSD-3-Clause
github.com/mailru/easyjson/buffer,0.7.7,MIT
github.com/mailru/easyjson/jlexer,0.7.7,MIT
github.com/mailru/easyjson/jwriter,0.7.7,MIT
github.com/MakeNowJust/heredoc,1.0.0,MIT
github.com/Masterminds/goutils,1.1.1,Apache-2.0
github.com/Masterminds/semver/v3,3.2.0,MIT
github.com/Masterminds/sprig/v3,3.2.3,MIT
github.com/Masterminds/squirrel,1.5.3,MIT
github.com/mattn/go-colorable,0.1.13,MIT
github.com/mattn/go-isatty,0.0.17,MIT
github.com/mattn/go-runewidth,0.0.14,MIT
github.com/matttproud/golang_protobuf_extensions/pbutil,1.0.4,Apache-2.0
github.com/mitchellh/copystructure,1.2.0,MIT
github.com/mitchellh/go-wordwrap,1.0.1,MIT
github.com/mitchellh/reflectwalk,1.0.2,MIT
github.com/mittwald/go-helm-client,0.12.1,MIT
github.com/mittwald/go-helm-client/values,0.12.1,MIT
github.com/moby/locker,1.0.1,Apache-2.0
github.com/moby/spdystream,0.2.0,Apache-2.0
github.com/moby/spdystream/spdy,0.2.0,Apache-2.0
github.com/moby/sys/mountinfo,0.6.2,Apache-2.0
github.com/moby/sys/signal,0.6.0,Apache-2.0
github.com/moby/term,#1aeaba878587,Apache-2.0
github.com/modern-go/concurrent,#bacd9c7ef1dd,Apache-2.0
github.com/modern-go/reflect2,1.0.2,Apache-2.0
github.com/monochromegane/go-gitignore,#205db1a8cc00,MIT
github.com/morikuni/aec,1.0.0,MIT
github.com/munnerz/goautoneg,#a7dc8b61c822,
github.com/opencontainers/go-digest,1.0.0,Apache-2.0
github.com/opencontainers/image-spec/identity,1.1.0-rc2,Apache-2.0
github.com/opencontainers/image-spec/specs-go,1.1.0-rc2,Apache-2.0
github.com/opencontainers/image-spec/specs-go/v1,1.1.0-rc2,Apache-2.0
github.com/opencontainers/runc/libcontainer/user,1.1.6,Apache-2.0
github.com/opencontainers/runtime-spec/specs-go,#1c3f411f0417,Apache-2.0
github.com/opencontainers/selinux/go-selinux,1.10.1,Apache-2.0
github.com/opencontainers/selinux/go-selinux/label,1.10.1,Apache-2.0
github.com/opencontainers/selinux/pkg/pwalkdir,1.10.1,Apache-2.0
github.com/peterbourgon/diskv,2.0.1,MIT
github.com/pkg/errors,0.9.1,BSD-2-Clause
github.com/prometheus/client_golang/prometheus,1.14.0,Apache-2.0
github.com/prometheus/client_golang/prometheus/collectors,1.14.0,Apache-2.0
github.com/prometheus/client_golang/prometheus/internal,1.14.0,Apache-2.0
github.com/prometheus/client_golang/prometheus/promhttp,1.14.0,Apache-2.0
github.com/prometheus/client_model/go,0.3.0,Apache-2.0
github.com/prometheus/common/expfmt,0.42.0,Apache-2.0
github.com/prometheus/common/internal/bitbucket.org/ww/goautoneg,0.42.0,Apache-2.0
github.com/prometheus/common/model,0.42.0,Apache-2.0
github.com/prometheus/procfs,0.9.0,Apache-2.0
github.com/prometheus/procfs/internal/fs,0.9.0,Apache-2.0
github.com/prometheus/procfs/internal/util,0.9.0,Apache-2.0
github.com/rivo/uniseg,0.4.2,MIT
github.com/rollbar/rollbar-go,1.4.4,MIT
github.com/rubenv/sql-migrate,1.3.1,MIT
github.com/rubenv/sql-migrate/sqlparse,1.3.1,MIT
github.com/russross/blackfriday/v2,2.1.0,BSD-2-Clause
github.com/shopspring/decimal,1.3.1,MIT
github.com/sirupsen/logrus,1.9.0,MIT
github.com/spf13/cast,1.5.0,MIT
github.com/spf13/cobra,1.6.1,Apache-2.0
github.com/spf13/pflag,1.0.5,BSD-3-Clause
github.com/xeipuuv/gojsonpointer,#02993c407bfb,Apache-2.0
github.com/xeipuuv/gojsonreference,#bd5ef7bd5415,Apache-2.0
github.com/xeipuuv/gojsonschema,1.2.0,Apache-2.0
github.com/xlab/treeprint,1.1.0,MIT
golang.org/x/crypto/bcrypt,0.5.0,BSD-3-Clause
golang.org/x/crypto/blowfish,0.5.0,BSD-3-Clause
golang.org/x/crypto/cast5,0.5.0,BSD-3-Clause
golang.org/x/crypto/openpgp,0.5.0,BSD-3-Clause
golang.org/x/crypto/openpgp/armor,0.5.0,BSD-3-Clause
golang.org/x/crypto/openpgp/clearsign,0.5.0,BSD-3-Clause
golang.org/x/crypto/openpgp/elgamal,0.5.0,BSD-3-Clause
golang.org/x/crypto/openpgp/errors,0.5.0,BSD-3-Clause
golang.org/x/crypto/openpgp/packet,0.5.0,BSD-3-Clause
golang.org/x/crypto/openpgp/s2k,0.5.0,BSD-3-Clause
golang.org/x/crypto/pbkdf2,0.5.0,BSD-3-Clause
golang.org/x/crypto/scrypt,0.5.0,BSD-3-Clause
golang.org/x/exp/constraints,#47ecfdc1ba53,BSD-3-Clause
golang.org/x/exp/slices,#47ecfdc1ba53,BSD-3-Clause
golang.org/x/net/context/ctxhttp,0.8.0,BSD-3-Clause
golang.org/x/net/http2,0.8.0,BSD-3-Clause
golang.org/x/net/http2/hpack,0.8.0,BSD-3-Clause
golang.org/x/net/http/httpguts,0.8.0,BSD-3-Clause
golang.org/x/net/idna,0.8.0,BSD-3-Clause
golang.org/x/net/internal/socks,0.8.0,BSD-3-Clause
golang.org/x/net/internal/timeseries,0.8.0,BSD-3-Clause
golang.org/x/net/proxy,0.8.0,BSD-3-Clause
golang.org/x/net/trace,0.8.0,BSD-3-Clause
golang.org/x/oauth2,0.5.0,BSD-3-Clause
golang.org/x/oauth2/internal,0.5.0,BSD-3-Clause
golang.org/x/sync/errgroup,0.1.0,BSD-3-Clause
golang.org/x/sync/semaphore,0.1.0,BSD-3-Clause
golang.org/x/sys/execabs,0.7.0,BSD-3-Clause
golang.org/x/sys/unix,0.7.0,BSD-3-Clause
golang.org/x/term,0.6.0,BSD-3-Clause
golang.org/x/text,0.8.0,BSD-3-Clause
golang.org/x/text/encoding,0.8.0,BSD-3-Clause
golang.org/x/text/encoding/internal,0.8.0,BSD-3-Clause
golang.org/x/text/encoding/internal/identifier,0.8.0,BSD-3-Clause
golang.org/x/text/encoding/unicode,0.8.0,BSD-3-Clause
golang.org/x/text/internal/utf8internal,0.8.0,BSD-3-Clause
golang.org/x/text/runes,0.8.0,BSD-3-Clause
golang.org/x/text/secure/bidirule,0.8.0,BSD-3-Clause
golang.org/x/text/transform,0.8.0,BSD-3-Clause
golang.org/x/text/unicode/bidi,0.8.0,BSD-3-Clause
golang.org/x/text/unicode/norm,0.8.0,BSD-3-Clause
golang.org/x/time/rate,0.3.0,BSD-3-Clause
gomodules.xyz/jsonpatch/v2,2.2.0,Apache-2.0
google.golang.org/genproto/googleapis/rpc/status,#76db0878b65f,Apache-2.0
google.golang.org/grpc,1.54.0,Apache-2.0
google.golang.org/grpc/attributes,1.54.0,Apache-2.0
google.golang.org/grpc/backoff,1.54.0,Apache-2.0
google.golang.org/grpc/balancer,1.54.0,Apache-2.0
google.golang.org/grpc/balancer/base,1.54.0,Apache-2.0
google.golang.org/grpc/balancer/grpclb/state,1.54.0,Apache-2.0
google.golang.org/grpc/balancer/roundrobin,1.54.0,Apache-2.0
google.golang.org/grpc/binarylog/grpc_binarylog_v1,1.54.0,Apache-2.0
google.golang.org/grpc/channelz,1.54.0,Apache-2.0
google.golang.org/grpc/codes,1.54.0,Apache-2.0
google.golang.org/grpc/connectivity,1.54.0,Apache-2.0
google.golang.org/grpc/credentials,1.54.0,Apache-2.0
google.golang.org/grpc/credentials/insecure,1.54.0,Apache-2.0
google.golang.org/grpc/encoding,1.54.0,Apache-2.0
google.golang.org/grpc/encoding/proto,1.54.0,Apache-2.0
google.golang.org/grpc/grpclog,1.54.0,Apache-2.0
google.golang.org/grpc/health/grpc_health_v1,1.54.0,Apache-2.0
google.golang.org/grpc/internal,1.54.0,Apache-2.0
google.golang.org/grpc/internal/backoff,1.54.0,Apache-2.0
google.golang.org/grpc/internal/balancer/gracefulswitch,1.54.0,Apache-2.0
google.golang.org/grpc/internal/balancerload,1.54.0,Apache-2.0
google.golang.org/grpc/internal/binarylog,1.54.0,Apache-2.0
google.golang.org/grpc/internal/buffer,1.54.0,Apache-2.0
google.golang.org/grpc/internal/channelz,1.54.0,Apache-2.0
google.golang.org/grpc/internal/credentials,1.54.0,Apache-2.0
google.golang.org/grpc/internal/envconfig,1.54.0,Apache-2.0
google.golang.org/grpc/internal/grpclog,1.54.0,Apache-2.0
google.golang.org/grpc/internal/grpcrand,1.54.0,Apache-2.0
google.golang.org/grpc/internal/grpcsync,1.54.0,Apache-2.0
google.golang.org/grpc/internal/grpcutil,1.54.0,Apache-2.0
google.golang.org/grpc/internal/metadata,1.54.0,Apache-2.0
google.golang.org/grpc/internal/pretty,1.54.0,Apache-2.0
google.golang.org/grpc/internal/resolver,1.54.0,Apache-2.0
google.golang.org/grpc/internal/resolver/dns,1.54.0,Apache-2.0
google.golang.org/grpc/internal/resolver/passthrough,1.54.0,Apache-2.0
google.golang.org/grpc/internal/resolver/unix,1.54.0,Apache-2.0
google.golang.org/grpc/internal/serviceconfig,1.54.0,Apache-2.0
google.golang.org/grpc/internal/status,1.54.0,Apache-2.0
google.golang.org/grpc/internal/syscall,1.54.0,Apache-2.0
google.golang.org/grpc/internal/transport,1.54.0,Apache-2.0
google.golang.org/grpc/internal/transport/networktype,1.54.0,Apache-2.0
google.golang.org/grpc/keepalive,1.54.0,Apache-2.0
google.golang.org/grpc/metadata,1.54.0,Apache-2.0
google.golang.org/grpc/peer,1.54.0,Apache-2.0
google.golang.org/grpc/resolver,1.54.0,Apache-2.0
google.golang.org/grpc/serviceconfig,1.54.0,Apache-2.0
google.golang.org/grpc/stats,1.54.0,Apache-2.0
google.golang.org/grpc/status,1.54.0,Apache-2.0
google.golang.org/grpc/tap,1.54.0,Apache-2.0
google.golang.org/protobuf/encoding/protojson,1.30.0,BSD-3-Clause
google.golang.org/protobuf/encoding/prototext,1.30.0,BSD-3-Clause
google.golang.org/protobuf/encoding/protowire,1.30.0,BSD-3-Clause
google.golang.org/protobuf/internal/descfmt,1.30.0,BSD-3-Clause
google.golang.org/protobuf/internal/descopts,1.30.0,BSD-3-Clause
google.golang.org/protobuf/internal/detrand,1.30.0,BSD-3-Clause
google.golang.org/protobuf/internal/encoding/defval,1.30.0,BSD-3-Clause
google.golang.org/protobuf/internal/encoding/json,1.30.0,BSD-3-Clause
google.golang.org/protobuf/internal/encoding/messageset,1.30.0,BSD-3-Clause
google.golang.org/protobuf/internal/encoding/tag,1.30.0,BSD-3-Clause
google.golang.org/protobuf/internal/encoding/text,1.30.0,BSD-3-Clause
google.golang.org/protobuf/internal/errors,1.30.0,BSD-3-Clause
google.golang.org/protobuf/internal/filedesc,1.30.0,BSD-3-Clause
google.golang.org/protobuf/internal/filetype,1.30.0,BSD-3-Clause
google.golang.org/protobuf/internal/flags,1.30.0,BSD-3-Clause
google.golang.org/protobuf/internal/genid,1.30.0,BSD-3-Clause
google.golang.org/protobuf/internal/impl,1.30.0,BSD-3-Clause
google.golang.org/protobuf/internal/order,1.30.0,BSD-3-Clause
google.golang.org/protobuf/internal/pragma,1.30.0,BSD-3-Clause
google.golang.org/protobuf/internal/set,1.30.0,BSD-3-Clause
google.golang.org/protobuf/internal/strs,1.30.0,BSD-3-Clause
google.golang.org/protobuf/internal/version,1.30.0,BSD-3-Clause
google.golang.org/protobuf/proto,1.30.0,BSD-3-Clause
google.golang.org/protobuf/reflect/protodesc,1.30.0,BSD-3-Clause
google.golang.org/protobuf/reflect/protoreflect,1.30.0,BSD-3-Clause
google.golang.org/protobuf/reflect/protoregistry,1.30.0,BSD-3-Clause
google.golang.org/protobuf/runtime/protoiface,1.30.0,BSD-3-Clause
google.golang.org/protobuf/runtime/protoimpl,1.30.0,BSD-3-Clause
google.golang.org/protobuf/types/descriptorpb,1.30.0,BSD-3-Clause
google.golang.org/protobuf/types/known/anypb,1.30.0,BSD-3-Clause
google.golang.org/protobuf/types/known/durationpb,1.30.0,BSD-3-Clause
google.golang.org/protobuf/types/known/timestamppb,1.30.0,BSD-3-Clause
gopkg.in/inf.v0,0.9.1,BSD-3-Clause
gopkg.in/yaml.v2,2.4.0,"Apache-2.0, MIT"
gopkg.in/yaml.v3,3.0.1,"Apache-2.0, MIT"
go.starlark.net/internal/compile,#22309ac47eac,"BSD-2-Clause, BSD-3-Clause"
go.starlark.net/internal/spell,#22309ac47eac,"BSD-2-Clause, BSD-3-Clause"
go.starlark.net/resolve,#22309ac47eac,"BSD-2-Clause, BSD-3-Clause"
go.starlark.net/starlark,#22309ac47eac,"BSD-2-Clause, BSD-3-Clause"
go.starlark.net/starlarkstruct,#22309ac47eac,"BSD-2-Clause, BSD-3-Clause"
go.starlark.net/syntax,#22309ac47eac,"BSD-2-Clause, BSD-3-Clause"
gotest.tools/v3/assert,3.3.0,Apache-2.0
gotest.tools/v3/assert/cmp,3.3.0,Apache-2.0
gotest.tools/v3/internal/assert,3.3.0,Apache-2.0
gotest.tools/v3/internal/difflib,3.3.0,Apache-2.0
gotest.tools/v3/internal/format,3.3.0,Apache-2.0
gotest.tools/v3/internal/source,3.3.0,Apache-2.0
go.uber.org/atomic,1.9.0,MIT
go.uber.org/multierr,1.8.0,MIT
go.uber.org/zap,1.24.0,MIT
go.uber.org/zap/buffer,1.24.0,MIT
go.uber.org/zap/internal,1.24.0,MIT
go.uber.org/zap/internal/bufferpool,1.24.0,MIT
go.uber.org/zap/internal/color,1.24.0,MIT
go.uber.org/zap/internal/exit,1.24.0,MIT
go.uber.org/zap/zapcore,1.24.0,MIT
helm.sh/helm/v3/internal/fileutil,3.11.2,Apache-2.0
helm.sh/helm/v3/internal/ignore,3.11.2,Apache-2.0
helm.sh/helm/v3/internal/resolver,3.11.2,Apache-2.0
helm.sh/helm/v3/internal/sympath,3.11.2,Apache-2.0
helm.sh/helm/v3/internal/third_party/dep/fs,3.11.2,Apache-2.0
helm.sh/helm/v3/internal/third_party/k8s.io/kubernetes/deployment/util,3.11.2,Apache-2.0
helm.sh/helm/v3/internal/tlsutil,3.11.2,Apache-2.0
helm.sh/helm/v3/internal/urlutil,3.11.2,Apache-2.0
helm.sh/helm/v3/internal/version,3.11.2,Apache-2.0
helm.sh/helm/v3/pkg/action,3.11.2,Apache-2.0
helm.sh/helm/v3/pkg/chart,3.11.2,Apache-2.0
helm.sh/helm/v3/pkg/chart/loader,3.11.2,Apache-2.0
helm.sh/helm/v3/pkg/chartutil,3.11.2,Apache-2.0
helm.sh/helm/v3/pkg/cli,3.11.2,Apache-2.0
helm.sh/helm/v3/pkg/downloader,3.11.2,Apache-2.0
helm.sh/helm/v3/pkg/engine,3.11.2,Apache-2.0
helm.sh/helm/v3/pkg/getter,3.11.2,Apache-2.0
helm.sh/helm/v3/pkg/helmpath,3.11.2,Apache-2.0
helm.sh/helm/v3/pkg/helmpath/xdg,3.11.2,Apache-2.0
helm.sh/helm/v3/pkg/kube,3.11.2,Apache-2.0
helm.sh/helm/v3/pkg/kube/fake,3.11.2,Apache-2.0
helm.sh/helm/v3/pkg/lint,3.11.2,Apache-2.0
helm.sh/helm/v3/pkg/lint/rules,3.11.2,Apache-2.0
helm.sh/helm/v3/pkg/lint/support,3.11.2,Apache-2.0
helm.sh/helm/v3/pkg/plugin,3.11.2,Apache-2.0
helm.sh/helm/v3/pkg/postrender,3.11.2,Apache-2.0
helm.sh/helm/v3/pkg/provenance,3.11.2,Apache-2.0
helm.sh/helm/v3/pkg/pusher,3.11.2,Apache-2.0
helm.sh/helm/v3/pkg/registry,3.11.2,Apache-2.0
helm.sh/helm/v3/pkg/release,3.11.2,Apache-2.0
helm.sh/helm/v3/pkg/releaseutil,3.11.2,Apache-2.0
helm.sh/helm/v3/pkg/repo,3.11.2,Apache-2.0
helm.sh/helm/v3/pkg/storage,3.11.2,Apache-2.0
helm.sh/helm/v3/pkg/storage/driver,3.11.2,Apache-2.0
helm.sh/helm/v3/pkg/strvals,3.11.2,Apache-2.0
helm.sh/helm/v3/pkg/time,3.11.2,Apache-2.0
helm.sh/helm/v3/pkg/uploader,3.11.2,Apache-2.0
k8s.io/api/admissionregistration/v1,0.26.6,Apache-2.0
k8s.io/api/admissionregistration/v1alpha1,0.26.6,Apache-2.0
k8s.io/api/admissionregistration/v1beta1,0.26.6,Apache-2.0
k8s.io/api/admission/v1,0.26.6,Apache-2.0
k8s.io/api/admission/v1beta1,0.26.6,Apache-2.0
k8s.io/api/apidiscovery/v2beta1,0.26.6,Apache-2.0
k8s.io/api/apiserverinternal/v1alpha1,0.26.6,Apache-2.0
k8s.io/api/apps/v1,0.26.6,Apache-2.0
k8s.io/api/apps/v1beta1,0.26.6,Apache-2.0
k8s.io/api/apps/v1beta2,0.26.6,Apache-2.0
k8s.io/api/authentication/v1,0.26.6,Apache-2.0
k8s.io/api/authentication/v1alpha1,0.26.6,Apache-2.0
k8s.io/api/authentication/v1beta1,0.26.6,Apache-2.0
k8s.io/api/authorization/v1,0.26.6,Apache-2.0
k8s.io/api/authorization/v1beta1,0.26.6,Apache-2.0
k8s.io/api/autoscaling/v1,0.26.6,Apache-2.0
k8s.io/api/autoscaling/v2,0.26.6,Apache-2.0
k8s.io/api/autoscaling/v2beta1,0.26.6,Apache-2.0
k8s.io/api/autoscaling/v2beta2,0.26.6,Apache-2.0
k8s.io/api/batch/v1,0.26.6,Apache-2.0
k8s.io/api/batch/v1beta1,0.26.6,Apache-2.0
k8s.io/api/certificates/v1,0.26.6,Apache-2.0
k8s.io/api/certificates/v1beta1,0.26.6,Apache-2.0
k8s.io/api/coordination/v1,0.26.6,Apache-2.0
k8s.io/api/coordination/v1beta1,0.26.6,Apache-2.0
k8s.io/api/core/v1,0.26.6,Apache-2.0
k8s.io/api/discovery/v1,0.26.6,Apache-2.0
k8s.io/api/discovery/v1beta1,0.26.6,Apache-2.0
k8s.io/api/events/v1,0.26.6,Apache-2.0
k8s.io/api/events/v1beta1,0.26.6,Apache-2.0
k8s.io/apiextensions-apiserver/pkg/apis/apiextensions,0.26.6,Apache-2.0
k8s.io/apiextensions-apiserver/pkg/apis/apiextensions/v1,0.26.6,Apache-2.0
k8s.io/apiextensions-apiserver/pkg/apis/apiextensions/v1beta1,0.26.6,Apache-2.0
k8s.io/apiextensions-apiserver/pkg/client/clientset/clientset,0.26.6,Apache-2.0
k8s.io/apiextensions-apiserver/pkg/client/clientset/clientset/scheme,0.26.6,Apache-2.0
k8s.io/apiextensions-apiserver/pkg/client/clientset/clientset/typed/apiextensions/v1,0.26.6,Apache-2.0
k8s.io/apiextensions-apiserver/pkg/client/clientset/clientset/typed/apiextensions/v1beta1,0.26.6,Apache-2.0
k8s.io/api/extensions/v1beta1,0.26.6,Apache-2.0
k8s.io/api/flowcontrol/v1alpha1,0.26.6,Apache-2.0
k8s.io/api/flowcontrol/v1beta1,0.26.6,Apache-2.0
k8s.io/api/flowcontrol/v1beta2,0.26.6,Apache-2.0
k8s.io/api/flowcontrol/v1beta3,0.26.6,Apache-2.0
k8s.io/api/imagepolicy/v1alpha1,0.26.6,Apache-2.0
k8s.io/apimachinery/pkg/api/equality,0.26.6,Apache-2.0
k8s.io/apimachinery/pkg/api/errors,0.26.6,Apache-2.0
k8s.io/apimachinery/pkg/api/meta,0.26.6,Apache-2.0
k8s.io/apimachinery/pkg/api/resource,0.26.6,Apache-2.0
k8s.io/apimachinery/pkg/apis/meta/internalversion,0.26.6,Apache-2.0
k8s.io/apimachinery/pkg/apis/meta/internalversion/scheme,0.26.6,Apache-2.0
k8s.io/apimachinery/pkg/apis/meta/v1,0.26.6,Apache-2.0
k8s.io/apimachinery/pkg/apis/meta/v1beta1,0.26.6,Apache-2.0
k8s.io/apimachinery/pkg/apis/meta/v1/unstructured,0.26.6,Apache-2.0
k8s.io/apimachinery/pkg/apis/meta/v1/unstructured/unstructuredscheme,0.26.6,Apache-2.0
k8s.io/apimachinery/pkg/apis/meta/v1/validation,0.26.6,Apache-2.0
k8s.io/apimachinery/pkg/api/validation,0.26.6,Apache-2.0
k8s.io/apimachinery/pkg/api/validation/path,0.26.6,Apache-2.0
k8s.io/apimachinery/pkg/conversion,0.26.6,Apache-2.0
k8s.io/apimachinery/pkg/conversion/queryparams,0.26.6,Apache-2.0
k8s.io/apimachinery/pkg/fields,0.26.6,Apache-2.0
k8s.io/apimachinery/pkg/labels,0.26.6,Apache-2.0
k8s.io/apimachinery/pkg/runtime,0.26.6,Apache-2.0
k8s.io/apimachinery/pkg/runtime/schema,0.26.6,Apache-2.0
k8s.io/apimachinery/pkg/runtime/serializer,0.26.6,Apache-2.0
k8s.io/apimachinery/pkg/runtime/serializer/json,0.26.6,Apache-2.0
k8s.io/apimachinery/pkg/runtime/serializer/protobuf,0.26.6,Apache-2.0
k8s.io/apimachinery/pkg/runtime/serializer/recognizer,0.26.6,Apache-2.0
k8s.io/apimachinery/pkg/runtime/serializer/streaming,0.26.6,Apache-2.0
k8s.io/apimachinery/pkg/runtime/serializer/versioning,0.26.6,Apache-2.0
k8s.io/apimachinery/pkg/selection,0.26.6,Apache-2.0
k8s.io/apimachinery/pkg/types,0.26.6,Apache-2.0
k8s.io/apimachinery/pkg/util/cache,0.26.6,Apache-2.0
k8s.io/apimachinery/pkg/util/diff,0.26.6,Apache-2.0
k8s.io/apimachinery/pkg/util/duration,0.26.6,Apache-2.0
k8s.io/apimachinery/pkg/util/errors,0.26.6,Apache-2.0
k8s.io/apimachinery/pkg/util/framer,0.26.6,Apache-2.0
k8s.io/apimachinery/pkg/util/httpstream,0.26.6,Apache-2.0
k8s.io/apimachinery/pkg/util/httpstream/spdy,0.26.6,Apache-2.0
k8s.io/apimachinery/pkg/util/intstr,0.26.6,Apache-2.0
k8s.io/apimachinery/pkg/util/json,0.26.6,Apache-2.0
k8s.io/apimachinery/pkg/util/managedfields,0.26.6,Apache-2.0
k8s.io/apimachinery/pkg/util/mergepatch,0.26.6,Apache-2.0
k8s.io/apimachinery/pkg/util/naming,0.26.6,Apache-2.0
k8s.io/apimachinery/pkg/util/net,0.26.6,Apache-2.0
k8s.io/apimachinery/pkg/util/rand,0.26.6,Apache-2.0
k8s.io/apimachinery/pkg/util/remotecommand,0.26.6,Apache-2.0
k8s.io/apimachinery/pkg/util/runtime,0.26.6,Apache-2.0
k8s.io/apimachinery/pkg/util/sets,0.26.6,Apache-2.0
k8s.io/apimachinery/pkg/util/strategicpatch,0.26.6,Apache-2.0
k8s.io/apimachinery/pkg/util/uuid,0.26.6,Apache-2.0
k8s.io/apimachinery/pkg/util/validation,0.26.6,Apache-2.0
k8s.io/apimachinery/pkg/util/validation/field,0.26.6,Apache-2.0
k8s.io/apimachinery/pkg/util/wait,0.26.6,Apache-2.0
k8s.io/apimachinery/pkg/util/yaml,0.26.6,Apache-2.0
k8s.io/apimachinery/pkg/version,0.26.6,Apache-2.0
k8s.io/apimachinery/pkg/watch,0.26.6,Apache-2.0
k8s.io/apimachinery/third_party/forked/golang/json,0.26.6,Apache-2.0
k8s.io/apimachinery/third_party/forked/golang/netutil,0.26.6,Apache-2.0
k8s.io/apimachinery/third_party/forked/golang/reflect,0.26.6,Apache-2.0
k8s.io/api/networking/v1,0.26.6,Apache-2.0
k8s.io/api/networking/v1alpha1,0.26.6,Apache-2.0
k8s.io/api/networking/v1beta1,0.26.6,Apache-2.0
k8s.io/api/node/v1,0.26.6,Apache-2.0
k8s.io/api/node/v1alpha1,0.26.6,Apache-2.0
k8s.io/api/node/v1beta1,0.26.6,Apache-2.0
k8s.io/api/policy/v1,0.26.6,Apache-2.0
k8s.io/api/policy/v1beta1,0.26.6,Apache-2.0
k8s.io/api/rbac/v1,0.26.6,Apache-2.0
k8s.io/api/rbac/v1alpha1,0.26.6,Apache-2.0
k8s.io/api/rbac/v1beta1,0.26.6,Apache-2.0
k8s.io/api/resource/v1alpha1,0.26.6,Apache-2.0
k8s.io/api/scheduling/v1,0.26.6,Apache-2.0
k8s.io/api/scheduling/v1alpha1,0.26.6,Apache-2.0
k8s.io/api/scheduling/v1beta1,0.26.6,Apache-2.0
k8s.io/apiserver/pkg/endpoints/deprecation,0.26.6,Apache-2.0
k8s.io/apiserver/pkg/features,0.26.6,Apache-2.0
k8s.io/apiserver/pkg/util/feature,0.26.6,Apache-2.0
k8s.io/api/storage/v1,0.26.6,Apache-2.0
k8s.io/api/storage/v1alpha1,0.26.6,Apache-2.0
k8s.io/api/storage/v1beta1,0.26.6,Apache-2.0
k8s.io/client-go/applyconfigurations/admissionregistration/v1,0.26.6,Apache-2.0
k8s.io/client-go/applyconfigurations/admissionregistration/v1alpha1,0.26.6,Apache-2.0
k8s.io/client-go/applyconfigurations/admissionregistration/v1beta1,0.26.6,Apache-2.0
k8s.io/client-go/applyconfigurations/apiserverinternal/v1alpha1,0.26.6,Apache-2.0
k8s.io/client-go/applyconfigurations/apps/v1,0.26.6,Apache-2.0
k8s.io/client-go/applyconfigurations/apps/v1beta1,0.26.6,Apache-2.0
k8s.io/client-go/applyconfigurations/apps/v1beta2,0.26.6,Apache-2.0
k8s.io/client-go/applyconfigurations/autoscaling/v1,0.26.6,Apache-2.0
k8s.io/client-go/applyconfigurations/autoscaling/v2,0.26.6,Apache-2.0
k8s.io/client-go/applyconfigurations/autoscaling/v2beta1,0.26.6,Apache-2.0
k8s.io/client-go/applyconfigurations/autoscaling/v2beta2,0.26.6,Apache-2.0
k8s.io/client-go/applyconfigurations/batch/v1,0.26.6,Apache-2.0
k8s.io/client-go/applyconfigurations/batch/v1beta1,0.26.6,Apache-2.0
k8s.io/client-go/applyconfigurations/certificates/v1,0.26.6,Apache-2.0
k8s.io/client-go/applyconfigurations/certificates/v1beta1,0.26.6,Apache-2.0
k8s.io/client-go/applyconfigurations/coordination/v1,0.26.6,Apache-2.0
k8s.io/client-go/applyconfigurations/coordination/v1beta1,0.26.6,Apache-2.0
k8s.io/client-go/applyconfigurations/core/v1,0.26.6,Apache-2.0
k8s.io/client-go/applyconfigurations/discovery/v1,0.26.6,Apache-2.0
k8s.io/client-go/applyconfigurations/discovery/v1beta1,0.26.6,Apache-2.0
k8s.io/client-go/applyconfigurations/events/v1,0.26.6,Apache-2.0
k8s.io/client-go/applyconfigurations/events/v1beta1,0.26.6,Apache-2.0
k8s.io/client-go/applyconfigurations/extensions/v1beta1,0.26.6,Apache-2.0
k8s.io/client-go/applyconfigurations/flowcontrol/v1alpha1,0.26.6,Apache-2.0
k8s.io/client-go/applyconfigurations/flowcontrol/v1beta1,0.26.6,Apache-2.0
k8s.io/client-go/applyconfigurations/flowcontrol/v1beta2,0.26.6,Apache-2.0
k8s.io/client-go/applyconfigurations/flowcontrol/v1beta3,0.26.6,Apache-2.0
k8s.io/client-go/applyconfigurations/internal,0.26.6,Apache-2.0
k8s.io/client-go/applyconfigurations/meta/v1,0.26.6,Apache-2.0
k8s.io/client-go/applyconfigurations/networking/v1,0.26.6,Apache-2.0
k8s.io/client-go/applyconfigurations/networking/v1alpha1,0.26.6,Apache-2.0
k8s.io/client-go/applyconfigurations/networking/v1beta1,0.26.6,Apache-2.0
k8s.io/client-go/applyconfigurations/node/v1,0.26.6,Apache-2.0
k8s.io/client-go/applyconfigurations/node/v1alpha1,0.26.6,Apache-2.0
k8s.io/client-go/applyconfigurations/node/v1beta1,0.26.6,Apache-2.0
k8s.io/client-go/applyconfigurations/policy/v1,0.26.6,Apache-2.0
k8s.io/client-go/applyconfigurations/policy/v1beta1,0.26.6,Apache-2.0
k8s.io/client-go/applyconfigurations/rbac/v1,0.26.6,Apache-2.0
k8s.io/client-go/applyconfigurations/rbac/v1alpha1,0.26.6,Apache-2.0
k8s.io/client-go/applyconfigurations/rbac/v1beta1,0.26.6,Apache-2.0
k8s.io/client-go/applyconfigurations/resource/v1alpha1,0.26.6,Apache-2.0
k8s.io/client-go/applyconfigurations/scheduling/v1,0.26.6,Apache-2.0
k8s.io/client-go/applyconfigurations/scheduling/v1alpha1,0.26.6,Apache-2.0
k8s.io/client-go/applyconfigurations/scheduling/v1beta1,0.26.6,Apache-2.0
k8s.io/client-go/applyconfigurations/storage/v1,0.26.6,Apache-2.0
k8s.io/client-go/applyconfigurations/storage/v1alpha1,0.26.6,Apache-2.0
k8s.io/client-go/applyconfigurations/storage/v1beta1,0.26.6,Apache-2.0
k8s.io/client-go/discovery,0.26.6,Apache-2.0
k8s.io/client-go/discovery/cached/disk,0.26.6,Apache-2.0
k8s.io/client-go/discovery/cached/memory,0.26.6,Apache-2.0
k8s.io/client-go/dynamic,0.26.6,Apache-2.0
k8s.io/client-go/informers,0.26.6,Apache-2.0
k8s.io/client-go/informers/admissionregistration,0.26.6,Apache-2.0
k8s.io/client-go/informers/admissionregistration/v1,0.26.6,Apache-2.0
k8s.io/client-go/informers/admissionregistration/v1alpha1,0.26.6,Apache-2.0
k8s.io/client-go/informers/admissionregistration/v1beta1,0.26.6,Apache-2.0
k8s.io/client-go/informers/apiserverinternal,0.26.6,Apache-2.0
k8s.io/client-go/informers/apiserverinternal/v1alpha1,0.26.6,Apache-2.0
k8s.io/client-go/informers/apps,0.26.6,Apache-2.0
k8s.io/client-go/informers/apps/v1,0.26.6,Apache-2.0
k8s.io/client-go/informers/apps/v1beta1,0.26.6,Apache-2.0
k8s.io/client-go/informers/apps/v1beta2,0.26.6,Apache-2.0
k8s.io/client-go/informers/autoscaling,0.26.6,Apache-2.0
k8s.io/client-go/informers/autoscaling/v1,0.26.6,Apache-2.0
k8s.io/client-go/informers/autoscaling/v2,0.26.6,Apache-2.0
k8s.io/client-go/informers/autoscaling/v2beta1,0.26.6,Apache-2.0
k8s.io/client-go/informers/autoscaling/v2beta2,0.26.6,Apache-2.0
k8s.io/client-go/informers/batch,0.26.6,Apache-2.0
k8s.io/client-go/informers/batch/v1,0.26.6,Apache-2.0
k8s.io/client-go/informers/batch/v1beta1,0.26.6,Apache-2.0
k8s.io/client-go/informers/certificates,0.26.6,Apache-2.0
k8s.io/client-go/informers/certificates/v1,0.26.6,Apache-2.0
k8s.io/client-go/informers/certificates/v1beta1,0.26.6,Apache-2.0
k8s.io/client-go/informers/coordination,0.26.6,Apache-2.0
k8s.io/client-go/informers/coordination/v1,0.26.6,Apache-2.0
k8s.io/client-go/informers/coordination/v1beta1,0.26.6,Apache-2.0
k8s.io/client-go/informers/core,0.26.6,Apache-2.0
k8s.io/client-go/informers/core/v1,0.26.6,Apache-2.0
k8s.io/client-go/informers/discovery,0.26.6,Apache-2.0
k8s.io/client-go/informers/discovery/v1,0.26.6,Apache-2.0
k8s.io/client-go/informers/discovery/v1beta1,0.26.6,Apache-2.0
k8s.io/client-go/informers/events,0.26.6,Apache-2.0
k8s.io/client-go/informers/events/v1,0.26.6,Apache-2.0
k8s.io/client-go/informers/events/v1beta1,0.26.6,Apache-2.0
k8s.io/client-go/informers/extensions,0.26.6,Apache-2.0
k8s.io/client-go/informers/extensions/v1beta1,0.26.6,Apache-2.0
k8s.io/client-go/informers/flowcontrol,0.26.6,Apache-2.0
k8s.io/client-go/informers/flowcontrol/v1alpha1,0.26.6,Apache-2.0
k8s.io/client-go/informers/flowcontrol/v1beta1,0.26.6,Apache-2.0
k8s.io/client-go/informers/flowcontrol/v1beta2,0.26.6,Apache-2.0
k8s.io/client-go/informers/flowcontrol/v1beta3,0.26.6,Apache-2.0
k8s.io/client-go/informers/internalinterfaces,0.26.6,Apache-2.0
k8s.io/client-go/informers/networking,0.26.6,Apache-2.0
k8s.io/client-go/informers/networking/v1,0.26.6,Apache-2.0
k8s.io/client-go/informers/networking/v1alpha1,0.26.6,Apache-2.0
k8s.io/client-go/informers/networking/v1beta1,0.26.6,Apache-2.0
k8s.io/client-go/informers/node,0.26.6,Apache-2.0
k8s.io/client-go/informers/node/v1,0.26.6,Apache-2.0
k8s.io/client-go/informers/node/v1alpha1,0.26.6,Apache-2.0
k8s.io/client-go/informers/node/v1beta1,0.26.6,Apache-2.0
k8s.io/client-go/informers/policy,0.26.6,Apache-2.0
k8s.io/client-go/informers/policy/v1,0.26.6,Apache-2.0
k8s.io/client-go/informers/policy/v1beta1,0.26.6,Apache-2.0
k8s.io/client-go/informers/rbac,0.26.6,Apache-2.0
k8s.io/client-go/informers/rbac/v1,0.26.6,Apache-2.0
k8s.io/client-go/informers/rbac/v1alpha1,0.26.6,Apache-2.0
k8s.io/client-go/informers/rbac/v1beta1,0.26.6,Apache-2.0
k8s.io/client-go/informers/resource,0.26.6,Apache-2.0
k8s.io/client-go/informers/resource/v1alpha1,0.26.6,Apache-2.0
k8s.io/client-go/informers/scheduling,0.26.6,Apache-2.0
k8s.io/client-go/informers/scheduling/v1,0.26.6,Apache-2.0
k8s.io/client-go/informers/scheduling/v1alpha1,0.26.6,Apache-2.0
k8s.io/client-go/informers/scheduling/v1beta1,0.26.6,Apache-2.0
k8s.io/client-go/informers/storage,0.26.6,Apache-2.0
k8s.io/client-go/informers/storage/v1,0.26.6,Apache-2.0
k8s.io/client-go/informers/storage/v1alpha1,0.26.6,Apache-2.0
k8s.io/client-go/informers/storage/v1beta1,0.26.6,Apache-2.0
k8s.io/client-go/kubernetes,0.26.6,Apache-2.0
k8s.io/client-go/kubernetes/scheme,0.26.6,Apache-2.0
k8s.io/client-go/kubernetes/typed/admissionregistration/v1,0.26.6,Apache-2.0
k8s.io/client-go/kubernetes/typed/admissionregistration/v1alpha1,0.26.6,Apache-2.0
k8s.io/client-go/kubernetes/typed/admissionregistration/v1beta1,0.26.6,Apache-2.0
k8s.io/client-go/kubernetes/typed/apiserverinternal/v1alpha1,0.26.6,Apache-2.0
k8s.io/client-go/kubernetes/typed/apps/v1,0.26.6,Apache-2.0
k8s.io/client-go/kubernetes/typed/apps/v1beta1,0.26.6,Apache-2.0
k8s.io/client-go/kubernetes/typed/apps/v1beta2,0.26.6,Apache-2.0
k8s.io/client-go/kubernetes/typed/authentication/v1,0.26.6,Apache-2.0
k8s.io/client-go/kubernetes/typed/authentication/v1alpha1,0.26.6,Apache-2.0
k8s.io/client-go/kubernetes/typed/authentication/v1beta1,0.26.6,Apache-2.0
k8s.io/client-go/kubernetes/typed/authorization/v1,0.26.6,Apache-2.0
k8s.io/client-go/kubernetes/typed/authorization/v1beta1,0.26.6,Apache-2.0
k8s.io/client-go/kubernetes/typed/autoscaling/v1,0.26.6,Apache-2.0
k8s.io/client-go/kubernetes/typed/autoscaling/v2,0.26.6,Apache-2.0
k8s.io/client-go/kubernetes/typed/autoscaling/v2beta1,0.26.6,Apache-2.0
k8s.io/client-go/kubernetes/typed/autoscaling/v2beta2,0.26.6,Apache-2.0
k8s.io/client-go/kubernetes/typed/batch/v1,0.26.6,Apache-2.0
k8s.io/client-go/kubernetes/typed/batch/v1beta1,0.26.6,Apache-2.0
k8s.io/client-go/kubernetes/typed/certificates/v1,0.26.6,Apache-2.0
k8s.io/client-go/kubernetes/typed/certificates/v1beta1,0.26.6,Apache-2.0
k8s.io/client-go/kubernetes/typed/coordination/v1,0.26.6,Apache-2.0
k8s.io/client-go/kubernetes/typed/coordination/v1beta1,0.26.6,Apache-2.0
k8s.io/client-go/kubernetes/typed/core/v1,0.26.6,Apache-2.0
k8s.io/client-go/kubernetes/typed/discovery/v1,0.26.6,Apache-2.0
k8s.io/client-go/kubernetes/typed/discovery/v1beta1,0.26.6,Apache-2.0
k8s.io/client-go/kubernetes/typed/events/v1,0.26.6,Apache-2.0
k8s.io/client-go/kubernetes/typed/events/v1beta1,0.26.6,Apache-2.0
k8s.io/client-go/kubernetes/typed/extensions/v1beta1,0.26.6,Apache-2.0
k8s.io/client-go/kubernetes/typed/flowcontrol/v1alpha1,0.26.6,Apache-2.0
k8s.io/client-go/kubernetes/typed/flowcontrol/v1beta1,0.26.6,Apache-2.0
k8s.io/client-go/kubernetes/typed/flowcontrol/v1beta2,0.26.6,Apache-2.0
k8s.io/client-go/kubernetes/typed/flowcontrol/v1beta3,0.26.6,Apache-2.0
k8s.io/client-go/kubernetes/typed/networking/v1,0.26.6,Apache-2.0
k8s.io/client-go/kubernetes/typed/networking/v1alpha1,0.26.6,Apache-2.0
k8s.io/client-go/kubernetes/typed/networking/v1beta1,0.26.6,Apache-2.0
k8s.io/client-go/kubernetes/typed/node/v1,0.26.6,Apache-2.0
k8s.io/client-go/kubernetes/typed/node/v1alpha1,0.26.6,Apache-2.0
k8s.io/client-go/kubernetes/typed/node/v1beta1,0.26.6,Apache-2.0
k8s.io/client-go/kubernetes/typed/policy/v1,0.26.6,Apache-2.0
k8s.io/client-go/kubernetes/typed/policy/v1beta1,0.26.6,Apache-2.0
k8s.io/client-go/kubernetes/typed/rbac/v1,0.26.6,Apache-2.0
k8s.io/client-go/kubernetes/typed/rbac/v1alpha1,0.26.6,Apache-2.0
k8s.io/client-go/kubernetes/typed/rbac/v1beta1,0.26.6,Apache-2.0
k8s.io/client-go/kubernetes/typed/resource/v1alpha1,0.26.6,Apache-2.0
k8s.io/client-go/kubernetes/typed/scheduling/v1,0.26.6,Apache-2.0
k8s.io/client-go/kubernetes/typed/scheduling/v1alpha1,0.26.6,Apache-2.0
k8s.io/client-go/kubernetes/typed/scheduling/v1beta1,0.26.6,Apache-2.0
k8s.io/client-go/kubernetes/typed/storage/v1,0.26.6,Apache-2.0
k8s.io/client-go/kubernetes/typed/storage/v1alpha1,0.26.6,Apache-2.0
k8s.io/client-go/kubernetes/typed/storage/v1beta1,0.26.6,Apache-2.0
k8s.io/client-go/listers/admissionregistration/v1,0.26.6,Apache-2.0
k8s.io/client-go/listers/admissionregistration/v1alpha1,0.26.6,Apache-2.0
k8s.io/client-go/listers/admissionregistration/v1beta1,0.26.6,Apache-2.0
k8s.io/client-go/listers/apiserverinternal/v1alpha1,0.26.6,Apache-2.0
k8s.io/client-go/listers/apps/v1,0.26.6,Apache-2.0
k8s.io/client-go/listers/apps/v1beta1,0.26.6,Apache-2.0
k8s.io/client-go/listers/apps/v1beta2,0.26.6,Apache-2.0
k8s.io/client-go/listers/autoscaling/v1,0.26.6,Apache-2.0
k8s.io/client-go/listers/autoscaling/v2,0.26.6,Apache-2.0
k8s.io/client-go/listers/autoscaling/v2beta1,0.26.6,Apache-2.0
k8s.io/client-go/listers/autoscaling/v2beta2,0.26.6,Apache-2.0
k8s.io/client-go/listers/batch/v1,0.26.6,Apache-2.0
k8s.io/client-go/listers/batch/v1beta1,0.26.6,Apache-2.0
k8s.io/client-go/listers/certificates/v1,0.26.6,Apache-2.0
k8s.io/client-go/listers/certificates/v1beta1,0.26.6,Apache-2.0
k8s.io/client-go/listers/coordination/v1,0.26.6,Apache-2.0
k8s.io/client-go/listers/coordination/v1beta1,0.26.6,Apache-2.0
k8s.io/client-go/listers/core/v1,0.26.6,Apache-2.0
k8s.io/client-go/listers/discovery/v1,0.26.6,Apache-2.0
k8s.io/client-go/listers/discovery/v1beta1,0.26.6,Apache-2.0
k8s.io/client-go/listers/events/v1,0.26.6,Apache-2.0
k8s.io/client-go/listers/events/v1beta1,0.26.6,Apache-2.0
k8s.io/client-go/listers/extensions/v1beta1,0.26.6,Apache-2.0
k8s.io/client-go/listers/flowcontrol/v1alpha1,0.26.6,Apache-2.0
k8s.io/client-go/listers/flowcontrol/v1beta1,0.26.6,Apache-2.0
k8s.io/client-go/listers/flowcontrol/v1beta2,0.26.6,Apache-2.0
k8s.io/client-go/listers/flowcontrol/v1beta3,0.26.6,Apache-2.0
k8s.io/client-go/listers/networking/v1,0.26.6,Apache-2.0
k8s.io/client-go/listers/networking/v1alpha1,0.26.6,Apache-2.0
k8s.io/client-go/listers/networking/v1beta1,0.26.6,Apache-2.0
k8s.io/client-go/listers/node/v1,0.26.6,Apache-2.0
k8s.io/client-go/listers/node/v1alpha1,0.26.6,Apache-2.0
k8s.io/client-go/listers/node/v1beta1,0.26.6,Apache-2.0
k8s.io/client-go/listers/policy/v1,0.26.6,Apache-2.0
k8s.io/client-go/listers/policy/v1beta1,0.26.6,Apache-2.0
k8s.io/client-go/listers/rbac/v1,0.26.6,Apache-2.0
k8s.io/client-go/listers/rbac/v1alpha1,0.26.6,Apache-2.0
k8s.io/client-go/listers/rbac/v1beta1,0.26.6,Apache-2.0
k8s.io/client-go/listers/resource/v1alpha1,0.26.6,Apache-2.0
k8s.io/client-go/listers/scheduling/v1,0.26.6,Apache-2.0
k8s.io/client-go/listers/scheduling/v1alpha1,0.26.6,Apache-2.0
k8s.io/client-go/listers/scheduling/v1beta1,0.26.6,Apache-2.0
k8s.io/client-go/listers/storage/v1,0.26.6,Apache-2.0
k8s.io/client-go/listers/storage/v1alpha1,0.26.6,Apache-2.0
k8s.io/client-go/listers/storage/v1beta1,0.26.6,Apache-2.0
k8s.io/client-go/metadata,0.26.6,Apache-2.0
k8s.io/client-go/openapi,0.26.6,Apache-2.0
k8s.io/client-go/openapi/cached,0.26.6,Apache-2.0
k8s.io/client-go/pkg/apis/clientauthentication,0.26.6,Apache-2.0
k8s.io/client-go/pkg/apis/clientauthentication/install,0.26.6,Apache-2.0
k8s.io/client-go/pkg/apis/clientauthentication/v1,0.26.6,Apache-2.0
k8s.io/client-go/pkg/apis/clientauthentication/v1beta1,0.26.6,Apache-2.0
k8s.io/client-go/pkg/version,0.26.6,Apache-2.0
k8s.io/client-go/plugin/pkg/client/auth,0.26.6,Apache-2.0
k8s.io/client-go/plugin/pkg/client/auth/azure,0.26.6,Apache-2.0
k8s.io/client-go/plugin/pkg/client/auth/exec,0.26.6,Apache-2.0
k8s.io/client-go/plugin/pkg/client/auth/gcp,0.26.6,Apache-2.0
k8s.io/client-go/plugin/pkg/client/auth/oidc,0.26.6,Apache-2.0
k8s.io/client-go/rest,0.26.6,Apache-2.0
k8s.io/client-go/restmapper,0.26.6,Apache-2.0
k8s.io/client-go/rest/watch,0.26.6,Apache-2.0
k8s.io/client-go/scale,0.26.6,Apache-2.0
k8s.io/client-go/scale/scheme,0.26.6,Apache-2.0
k8s.io/client-go/scale/scheme/appsint,0.26.6,Apache-2.0
k8s.io/client-go/scale/scheme/appsv1beta1,0.26.6,Apache-2.0
k8s.io/client-go/scale/scheme/appsv1beta2,0.26.6,Apache-2.0
k8s.io/client-go/scale/scheme/autoscalingv1,0.26.6,Apache-2.0
k8s.io/client-go/scale/scheme/extensionsint,0.26.6,Apache-2.0
k8s.io/client-go/scale/scheme/extensionsv1beta1,0.26.6,Apache-2.0
k8s.io/client-go/third_party/forked/golang/template,0.26.6,Apache-2.0
k8s.io/client-go/tools/auth,0.26.6,Apache-2.0
k8s.io/client-go/tools/cache,0.26.6,Apache-2.0
k8s.io/client-go/tools/clientcmd,0.26.6,Apache-2.0
k8s.io/client-go/tools/clientcmd/api,0.26.6,Apache-2.0
k8s.io/client-go/tools/clientcmd/api/latest,0.26.6,Apache-2.0
k8s.io/client-go/tools/clientcmd/api/v1,0.26.6,Apache-2.0
k8s.io/client-go/tools/leaderelection,0.26.6,Apache-2.0
k8s.io/client-go/tools/leaderelection/resourcelock,0.26.6,Apache-2.0
k8s.io/client-go/tools/metrics,0.26.6,Apache-2.0
k8s.io/client-go/tools/pager,0.26.6,Apache-2.0
k8s.io/client-go/tools/record,0.26.6,Apache-2.0
k8s.io/client-go/tools/record/util,0.26.6,Apache-2.0
k8s.io/client-go/tools/reference,0.26.6,Apache-2.0
k8s.io/client-go/tools/remotecommand,0.26.6,Apache-2.0
k8s.io/client-go/tools/watch,0.26.6,Apache-2.0
k8s.io/client-go/transport,0.26.6,Apache-2.0
k8s.io/client-go/transport/spdy,0.26.6,Apache-2.0
k8s.io/client-go/util/cert,0.26.6,Apache-2.0
k8s.io/client-go/util/certificate/csr,0.26.6,Apache-2.0
k8s.io/client-go/util/connrotation,0.26.6,Apache-2.0
k8s.io/client-go/util/exec,0.26.6,Apache-2.0
k8s.io/client-go/util/flowcontrol,0.26.6,Apache-2.0
k8s.io/client-go/util/homedir,0.26.6,Apache-2.0
k8s.io/client-go/util/jsonpath,0.26.6,Apache-2.0
k8s.io/client-go/util/keyutil,0.26.6,Apache-2.0
k8s.io/client-go/util/retry,0.26.6,Apache-2.0
k8s.io/client-go/util/workqueue,0.26.6,Apache-2.0
k8s.io/cli-runtime/pkg/genericclioptions,0.26.6,Apache-2.0
k8s.io/cli-runtime/pkg/printers,0.26.6,Apache-2.0
k8s.io/cli-runtime/pkg/resource,0.26.6,Apache-2.0
k8s.io/component-base/config,0.26.6,Apache-2.0
k8s.io/component-base/config/v1alpha1,0.26.6,Apache-2.0
k8s.io/component-base/featuregate,0.26.6,Apache-2.0
k8s.io/component-base/metrics,0.26.6,Apache-2.0
k8s.io/component-base/metrics/legacyregistry,0.26.6,Apache-2.0
k8s.io/component-base/metrics/prometheusextension,0.26.6,Apache-2.0
k8s.io/component-base/metrics/prometheus/feature,0.26.6,Apache-2.0
k8s.io/component-base/version,0.26.6,Apache-2.0
k8s.io/component-helpers/scheduling/corev1,0.26.6,Apache-2.0
k8s.io/component-helpers/scheduling/corev1/nodeaffinity,0.26.6,Apache-2.0
k8s.io/klog/v2,2.90.0,Apache-2.0
k8s.io/klog/v2/internal/buffer,2.90.0,Apache-2.0
k8s.io/klog/v2/internal/clock,2.90.0,Apache-2.0
k8s.io/klog/v2/internal/dbg,2.90.0,Apache-2.0
k8s.io/klog/v2/internal/serialize,2.90.0,Apache-2.0
k8s.io/klog/v2/internal/severity,2.90.0,Apache-2.0
k8s.io/kubectl/pkg/apps,0.26.6,Apache-2.0
k8s.io/kubectl/pkg/cmd/util,0.26.6,Apache-2.0
k8s.io/kubectl/pkg/cmd/util/podcmd,0.26.6,Apache-2.0
k8s.io/kubectl/pkg/describe,0.26.6,Apache-2.0
k8s.io/kubectl/pkg/polymorphichelpers,0.26.6,Apache-2.0
k8s.io/kubectl/pkg/scheme,0.26.6,Apache-2.0
k8s.io/kubectl/pkg/util/certificate,0.26.6,Apache-2.0
k8s.io/kubectl/pkg/util/deployment,0.26.6,Apache-2.0
k8s.io/kubectl/pkg/util/event,0.26.6,Apache-2.0
k8s.io/kubectl/pkg/util/fieldpath,0.26.6,Apache-2.0
k8s.io/kubectl/pkg/util/i18n,0.26.6,Apache-2.0
k8s.io/kubectl/pkg/util/interrupt,0.26.6,Apache-2.0
k8s.io/kubectl/pkg/util/openapi,0.26.6,Apache-2.0
k8s.io/kubectl/pkg/util/openapi/validation,0.26.6,Apache-2.0
k8s.io/kubectl/pkg/util/podutils,0.26.6,Apache-2.0
k8s.io/kubectl/pkg/util/qos,0.26.6,Apache-2.0
k8s.io/kubectl/pkg/util/rbac,0.26.6,Apache-2.0
k8s.io/kubectl/pkg/util/resource,0.26.6,Apache-2.0
k8s.io/kubectl/pkg/util/slice,0.26.6,Apache-2.0
k8s.io/kubectl/pkg/util/storage,0.26.6,Apache-2.0
k8s.io/kubectl/pkg/util/templates,0.26.6,Apache-2.0
k8s.io/kubectl/pkg/util/term,0.26.6,Apache-2.0
k8s.io/kubectl/pkg/validation,0.26.6,Apache-2.0
k8s.io/kube-openapi/pkg/builder3/util,#929b88f6cb43,Apache-2.0
k8s.io/kube-openapi/pkg/common,#929b88f6cb43,Apache-2.0
k8s.io/kube-openapi/pkg/handler3,#929b88f6cb43,Apache-2.0
k8s.io/kube-openapi/pkg/internal,#929b88f6cb43,Apache-2.0
k8s.io/kube-openapi/pkg/internal/handler,#929b88f6cb43,Apache-2.0
k8s.io/kube-openapi/pkg/internal/third_party/go-json-experiment/json,#929b88f6cb43,Apache-2.0
k8s.io/kube-openapi/pkg/openapiconv,#929b88f6cb43,Apache-2.0
k8s.io/kube-openapi/pkg/schemaconv,#929b88f6cb43,Apache-2.0
k8s.io/kube-openapi/pkg/schemamutation,#929b88f6cb43,Apache-2.0
k8s.io/kube-openapi/pkg/spec3,#929b88f6cb43,Apache-2.0
k8s.io/kube-openapi/pkg/util/proto,#929b88f6cb43,Apache-2.0
k8s.io/kube-openapi/pkg/util/proto/validation,#929b88f6cb43,Apache-2.0
k8s.io/kube-openapi/pkg/validation/spec,#929b88f6cb43,Apache-2.0
k8s.io/kubernetes/pkg/api/legacyscheme,1.26.6,Apache-2.0
k8s.io/kubernetes/pkg/apis/apps,1.26.6,Apache-2.0
k8s.io/kubernetes/pkg/apis/autoscaling,1.26.6,Apache-2.0
k8s.io/kubernetes/pkg/apis/core,1.26.6,Apache-2.0
k8s.io/kubernetes/pkg/apis/core/helper,1.26.6,Apache-2.0
k8s.io/kubernetes/pkg/apis/core/install,1.26.6,Apache-2.0
k8s.io/kubernetes/pkg/apis/core/pods,1.26.6,Apache-2.0
k8s.io/kubernetes/pkg/apis/core/v1,1.26.6,Apache-2.0
k8s.io/kubernetes/pkg/apis/core/validation,1.26.6,Apache-2.0
k8s.io/kubernetes/pkg/api/service,1.26.6,Apache-2.0
k8s.io/kubernetes/pkg/api/v1/pod,1.26.6,Apache-2.0
k8s.io/kubernetes/pkg/capabilities,1.26.6,Apache-2.0
k8s.io/kubernetes/pkg/cluster/ports,1.26.6,Apache-2.0
k8s.io/kubernetes/pkg/controller,1.26.6,Apache-2.0
k8s.io/kubernetes/pkg/features,1.26.6,Apache-2.0
k8s.io/kubernetes/pkg/fieldpath,1.26.6,Apache-2.0
k8s.io/kubernetes/pkg/util/hash,1.26.6,Apache-2.0
k8s.io/kubernetes/pkg/util/parsers,1.26.6,Apache-2.0
k8s.io/kubernetes/pkg/util/taints,1.26.6,Apache-2.0
k8s.io/utils/buffer,#d93618cff8a2,Apache-2.0
k8s.io/utils/clock,#d93618cff8a2,Apache-2.0
k8s.io/utils/clock/testing,#d93618cff8a2,Apache-2.0
k8s.io/utils/exec,#d93618cff8a2,Apache-2.0
k8s.io/utils/integer,#d93618cff8a2,Apache-2.0
k8s.io/utils/internal/third_party/forked/golang/net,#d93618cff8a2,Apache-2.0
k8s.io/utils/net,#d93618cff8a2,Apache-2.0
k8s.io/utils/pointer,#d93618cff8a2,Apache-2.0
k8s.io/utils/strings/slices,#d93618cff8a2,Apache-2.0
k8s.io/utils/trace,#d93618cff8a2,Apache-2.0
oras.land/oras-go/pkg/artifact,1.2.2,
oras.land/oras-go/pkg/auth,1.2.2,
oras.land/oras-go/pkg/auth/docker,1.2.2,
oras.land/oras-go/pkg/content,1.2.2,
oras.land/oras-go/pkg/context,1.2.2,
oras.land/oras-go/pkg/oras,1.2.2,
oras.land/oras-go/pkg/registry,1.2.2,
oras.land/oras-go/pkg/registry/remote,1.2.2,
oras.land/oras-go/pkg/registry/remote/auth,1.2.2,
oras.land/oras-go/pkg/registry/remote/internal/errutil,1.2.2,
oras.land/oras-go/pkg/registry/remote/internal/syncutil,1.2.2,
oras.land/oras-go/pkg/target,1.2.2,
sigs.k8s.io/controller-runtime,0.14.4,Apache-2.0
sigs.k8s.io/controller-runtime/pkg/builder,0.14.4,Apache-2.0
sigs.k8s.io/controller-runtime/pkg/cache,0.14.4,Apache-2.0
sigs.k8s.io/controller-runtime/pkg/cache/internal,0.14.4,Apache-2.0
sigs.k8s.io/controller-runtime/pkg/certwatcher,0.14.4,Apache-2.0
sigs.k8s.io/controller-runtime/pkg/certwatcher/metrics,0.14.4,Apache-2.0
sigs.k8s.io/controller-runtime/pkg/client,0.14.4,Apache-2.0
sigs.k8s.io/controller-runtime/pkg/client/apiutil,0.14.4,Apache-2.0
sigs.k8s.io/controller-runtime/pkg/client/config,0.14.4,Apache-2.0
sigs.k8s.io/controller-runtime/pkg/cluster,0.14.4,Apache-2.0
sigs.k8s.io/controller-runtime/pkg/config,0.14.4,Apache-2.0
sigs.k8s.io/controller-runtime/pkg/config/v1alpha1,0.14.4,Apache-2.0
sigs.k8s.io/controller-runtime/pkg/controller,0.14.4,Apache-2.0
sigs.k8s.io/controller-runtime/pkg/controller/controllerutil,0.14.4,Apache-2.0
sigs.k8s.io/controller-runtime/pkg/conversion,0.14.4,Apache-2.0
sigs.k8s.io/controller-runtime/pkg/event,0.14.4,Apache-2.0
sigs.k8s.io/controller-runtime/pkg/handler,0.14.4,Apache-2.0
sigs.k8s.io/controller-runtime/pkg/healthz,0.14.4,Apache-2.0
sigs.k8s.io/controller-runtime/pkg/internal/controller,0.14.4,Apache-2.0
sigs.k8s.io/controller-runtime/pkg/internal/controller/metrics,0.14.4,Apache-2.0
sigs.k8s.io/controller-runtime/pkg/internal/field/selector,0.14.4,Apache-2.0
sigs.k8s.io/controller-runtime/pkg/internal/httpserver,0.14.4,Apache-2.0
sigs.k8s.io/controller-runtime/pkg/internal/log,0.14.4,Apache-2.0
sigs.k8s.io/controller-runtime/pkg/internal/objectutil,0.14.4,Apache-2.0
sigs.k8s.io/controller-runtime/pkg/internal/recorder,0.14.4,Apache-2.0
sigs.k8s.io/controller-runtime/pkg/leaderelection,0.14.4,Apache-2.0
sigs.k8s.io/controller-runtime/pkg/log,0.14.4,Apache-2.0
sigs.k8s.io/controller-runtime/pkg/log/zap,0.14.4,Apache-2.0
sigs.k8s.io/controller-runtime/pkg/manager,0.14.4,Apache-2.0
sigs.k8s.io/controller-runtime/pkg/manager/signals,0.14.4,Apache-2.0
sigs.k8s.io/controller-runtime/pkg/metrics,0.14.4,Apache-2.0
sigs.k8s.io/controller-runtime/pkg/predicate,0.14.4,Apache-2.0
sigs.k8s.io/controller-runtime/pkg/ratelimiter,0.14.4,Apache-2.0
sigs.k8s.io/controller-runtime/pkg/reconcile,0.14.4,Apache-2.0
sigs.k8s.io/controller-runtime/pkg/recorder,0.14.4,Apache-2.0
sigs.k8s.io/controller-runtime/pkg/runtime/inject,0.14.4,Apache-2.0
sigs.k8s.io/controller-runtime/pkg/scheme,0.14.4,Apache-2.0
sigs.k8s.io/controller-runtime/pkg/source,0.14.4,Apache-2.0
sigs.k8s.io/controller-runtime/pkg/source/internal,0.14.4,Apache-2.0
sigs.k8s.io/controller-runtime/pkg/webhook,0.14.4,Apache-2.0
sigs.k8s.io/controller-runtime/pkg/webhook/admission,0.14.4,Apache-2.0
sigs.k8s.io/controller-runtime/pkg/webhook/conversion,0.14.4,Apache-2.0
sigs.k8s.io/controller-runtime/pkg/webhook/internal/metrics,0.14.4,Apache-2.0
sigs.k8s.io/json,#bc3834ca7abd,Apache-2.0
sigs.k8s.io/json/internal/golang/encoding/json,#bc3834ca7abd,Apache-2.0
sigs.k8s.io/kustomize/api/filters/annotations,0.12.1,Apache-2.0
sigs.k8s.io/kustomize/api/filters/fieldspec,0.12.1,Apache-2.0
sigs.k8s.io/kustomize/api/filters/filtersutil,0.12.1,Apache-2.0
sigs.k8s.io/kustomize/api/filters/fsslice,0.12.1,Apache-2.0
sigs.k8s.io/kustomize/api/filters/iampolicygenerator,0.12.1,Apache-2.0
sigs.k8s.io/kustomize/api/filters/imagetag,0.12.1,Apache-2.0
sigs.k8s.io/kustomize/api/filters/labels,0.12.1,Apache-2.0
sigs.k8s.io/kustomize/api/filters/nameref,0.12.1,Apache-2.0
sigs.k8s.io/kustomize/api/filters/namespace,0.12.1,Apache-2.0
sigs.k8s.io/kustomize/api/filters/patchjson6902,0.12.1,Apache-2.0
sigs.k8s.io/kustomize/api/filters/patchstrategicmerge,0.12.1,Apache-2.0
sigs.k8s.io/kustomize/api/filters/prefix,0.12.1,Apache-2.0
sigs.k8s.io/kustomize/api/filters/refvar,0.12.1,Apache-2.0
sigs.k8s.io/kustomize/api/filters/replacement,0.12.1,Apache-2.0
sigs.k8s.io/kustomize/api/filters/replicacount,0.12.1,Apache-2.0
sigs.k8s.io/kustomize/api/filters/suffix,0.12.1,Apache-2.0
sigs.k8s.io/kustomize/api/filters/valueadd,0.12.1,Apache-2.0
sigs.k8s.io/kustomize/api/hasher,0.12.1,Apache-2.0
sigs.k8s.io/kustomize/api/ifc,0.12.1,Apache-2.0
sigs.k8s.io/kustomize/api/image,0.12.1,Apache-2.0
sigs.k8s.io/kustomize/api/internal/accumulator,0.12.1,Apache-2.0
sigs.k8s.io/kustomize/api/internal/builtins,0.12.1,Apache-2.0
sigs.k8s.io/kustomize/api/internal/generators,0.12.1,Apache-2.0
sigs.k8s.io/kustomize/api/internal/git,0.12.1,Apache-2.0
sigs.k8s.io/kustomize/api/internal/kusterr,0.12.1,Apache-2.0
sigs.k8s.io/kustomize/api/internal/plugins/builtinconfig,0.12.1,Apache-2.0
sigs.k8s.io/kustomize/api/internal/plugins/builtinhelpers,0.12.1,Apache-2.0
sigs.k8s.io/kustomize/api/internal/plugins/execplugin,0.12.1,Apache-2.0
sigs.k8s.io/kustomize/api/internal/plugins/fnplugin,0.12.1,Apache-2.0
sigs.k8s.io/kustomize/api/internal/plugins/loader,0.12.1,Apache-2.0
sigs.k8s.io/kustomize/api/internal/plugins/utils,0.12.1,Apache-2.0
sigs.k8s.io/kustomize/api/internal/target,0.12.1,Apache-2.0
sigs.k8s.io/kustomize/api/internal/utils,0.12.1,Apache-2.0
sigs.k8s.io/kustomize/api/internal/validate,0.12.1,Apache-2.0
sigs.k8s.io/kustomize/api/konfig,0.12.1,Apache-2.0
sigs.k8s.io/kustomize/api/konfig/builtinpluginconsts,0.12.1,Apache-2.0
sigs.k8s.io/kustomize/api/krusty,0.12.1,Apache-2.0
sigs.k8s.io/kustomize/api/kv,0.12.1,Apache-2.0
sigs.k8s.io/kustomize/api/loader,0.12.1,Apache-2.0
sigs.k8s.io/kustomize/api/provenance,0.12.1,Apache-2.0
sigs.k8s.io/kustomize/api/provider,0.12.1,Apache-2.0
sigs.k8s.io/kustomize/api/resmap,0.12.1,Apache-2.0
sigs.k8s.io/kustomize/api/resource,0.12.1,Apache-2.0
sigs.k8s.io/kustomize/api/types,0.12.1,Apache-2.0
sigs.k8s.io/kustomize/kyaml/comments,0.13.9,Apache-2.0
sigs.k8s.io/kustomize/kyaml/errors,0.13.9,Apache-2.0
sigs.k8s.io/kustomize/kyaml/ext,0.13.9,Apache-2.0
sigs.k8s.io/kustomize/kyaml/fieldmeta,0.13.9,Apache-2.0
sigs.k8s.io/kustomize/kyaml/filesys,0.13.9,Apache-2.0
sigs.k8s.io/kustomize/kyaml/fn/runtime/container,0.13.9,Apache-2.0
sigs.k8s.io/kustomize/kyaml/fn/runtime/exec,0.13.9,Apache-2.0
sigs.k8s.io/kustomize/kyaml/fn/runtime/runtimeutil,0.13.9,Apache-2.0
sigs.k8s.io/kustomize/kyaml/fn/runtime/starlark,0.13.9,Apache-2.0
sigs.k8s.io/kustomize/kyaml/internal/forked/github.com/go-yaml/yaml,0.13.9,Apache-2.0
sigs.k8s.io/kustomize/kyaml/internal/forked/github.com/qri-io/starlib/util,0.13.9,Apache-2.0
sigs.k8s.io/kustomize/kyaml/kio,0.13.9,Apache-2.0
sigs.k8s.io/kustomize/kyaml/kio/filters,0.13.9,Apache-2.0
sigs.k8s.io/kustomize/kyaml/kio/kioutil,0.13.9,Apache-2.0
sigs.k8s.io/kustomize/kyaml/openapi,0.13.9,Apache-2.0
sigs.k8s.io/kustomize/kyaml/openapi/kubernetesapi,0.13.9,Apache-2.0
sigs.k8s.io/kustomize/kyaml/openapi/kubernetesapi/v1212,0.13.9,Apache-2.0
sigs.k8s.io/kustomize/kyaml/openapi/kustomizationapi,0.13.9,Apache-2.0
sigs.k8s.io/kustomize/kyaml/order,0.13.9,Apache-2.0
sigs.k8s.io/kustomize/kyaml/resid,0.13.9,Apache-2.0
sigs.k8s.io/kustomize/kyaml/runfn,0.13.9,Apache-2.0
sigs.k8s.io/kustomize/kyaml/sets,0.13.9,Apache-2.0
sigs.k8s.io/kustomize/kyaml/sliceutil,0.13.9,Apache-2.0
sigs.k8s.io/kustomize/kyaml/utils,0.13.9,Apache-2.0
sigs.k8s.io/kustomize/kyaml/yaml,0.13.9,Apache-2.0
sigs.k8s.io/kustomize/kyaml/yaml/internal/k8sgen/pkg/labels,0.13.9,Apache-2.0
sigs.k8s.io/kustomize/kyaml/yaml/internal/k8sgen/pkg/selection,0.13.9,Apache-2.0
sigs.k8s.io/kustomize/kyaml/yaml/internal/k8sgen/pkg/util/errors,0.13.9,Apache-2.0
sigs.k8s.io/kustomize/kyaml/yaml/internal/k8sgen/pkg/util/sets,0.13.9,Apache-2.0
sigs.k8s.io/kustomize/kyaml/yaml/internal/k8sgen/pkg/util/validation,0.13.9,Apache-2.0
sigs.k8s.io/kustomize/kyaml/yaml/internal/k8sgen/pkg/util/validation/field,0.13.9,Apache-2.0
sigs.k8s.io/kustomize/kyaml/yaml/merge2,0.13.9,Apache-2.0
sigs.k8s.io/kustomize/kyaml/yaml/merge3,0.13.9,Apache-2.0
sigs.k8s.io/kustomize/kyaml/yaml/schema,0.13.9,Apache-2.0
sigs.k8s.io/kustomize/kyaml/yaml/walk,0.13.9,Apache-2.0
sigs.k8s.io/structured-merge-diff/v4/fieldpath,4.2.3,Apache-2.0
sigs.k8s.io/structured-merge-diff/v4/schema,4.2.3,Apache-2.0
sigs.k8s.io/structured-merge-diff/v4/typed,4.2.3,Apache-2.0
sigs.k8s.io/structured-merge-diff/v4/value,4.2.3,Apache-2.0
sigs.k8s.io/yaml,1.3.0,MIT
