Index,Directory,File,Last Updated,Timestamp
0,../jekyll/_cci2/about-circleci.adoc,about-circleci.adoc,8 weeks ago,1736339944
1,../jekyll/_cci2/about-circleci.adoc,about-circleci.adoc,8 weeks ago,1736339944
2,../jekyll/_cci2/add-ssh-key.adoc,add-ssh-key.adoc,3 months ago,1733857126
3,../jekyll/_cci2/add-ssh-key.adoc,add-ssh-key.adoc,3 months ago,1733857126
4,../jekyll/_cci2/android-images-support-policy.adoc,android-images-support-policy.adoc,12 months ago,1711374066
5,../jekyll/_cci2/android-images-support-policy.adoc,android-images-support-policy.adoc,12 months ago,1711374066
6,../jekyll/_cci2/android-machine-image.adoc,android-machine-image.adoc,3 days ago,1741018495
7,../jekyll/_cci2/android-machine-image.adoc,android-machine-image.adoc,3 days ago,1741018495
8,../jekyll/_cci2/api-developers-guide.adoc,api-developers-guide.adoc,3 days ago,1741030754
9,../jekyll/_cci2/api-developers-guide.adoc,api-developers-guide.adoc,3 days ago,1741030754
10,../jekyll/_cci2/api-intro.adoc,api-intro.adoc,3 months ago,1733857126
11,../jekyll/_cci2/api-intro.adoc,api-intro.adoc,3 months ago,1733857126
12,../jekyll/_cci2/artifacts.adoc,artifacts.adoc,3 days ago,1741018495
13,../jekyll/_cci2/artifacts.adoc,artifacts.adoc,3 days ago,1741018495
14,../jekyll/_cci2/audit-logs.adoc,audit-logs.adoc,3 months ago,1733857126
15,../jekyll/_cci2/audit-logs.adoc,audit-logs.adoc,3 months ago,1733857126
16,../jekyll/_cci2/authentication/set-up-sso.adoc,set-up-sso.adoc,3 months ago,1732532098
17,../jekyll/_cci2/authentication/sign-in-to-an-sso-enabled-organization.adoc,sign-in-to-an-sso-enabled-organization.adoc,6 days ago,1740734970
18,../jekyll/_cci2/authentication/sso-overview.adoc,sso-overview.adoc,6 days ago,1740734970
19,../jekyll/_cci2/authorize-google-cloud-sdk.adoc,authorize-google-cloud-sdk.adoc,3 months ago,1733857126
20,../jekyll/_cci2/authorize-google-cloud-sdk.adoc,authorize-google-cloud-sdk.adoc,3 months ago,1733857126
21,../jekyll/_cci2/automate-llm-evaluation-testing-with-the-circleci-evals-orb.adoc,automate-llm-evaluation-testing-with-the-circleci-evals-orb.adoc,3 months ago,1733857126
22,../jekyll/_cci2/automate-llm-evaluation-testing-with-the-circleci-evals-orb.adoc,automate-llm-evaluation-testing-with-the-circleci-evals-orb.adoc,3 months ago,1733857126
23,../jekyll/_cci2/benefits-of-circleci.adoc,benefits-of-circleci.adoc,3 months ago,1733857126
24,../jekyll/_cci2/benefits-of-circleci.adoc,benefits-of-circleci.adoc,3 months ago,1733857126
25,../jekyll/_cci2/bitbucket-data-center-integration.adoc,bitbucket-data-center-integration.adoc,3 weeks ago,1739199515
26,../jekyll/_cci2/bitbucket-data-center-integration.adoc,bitbucket-data-center-integration.adoc,3 weeks ago,1739199515
27,../jekyll/_cci2/bitbucket-integration.adoc,bitbucket-integration.adoc,3 months ago,1733152029
28,../jekyll/_cci2/bitbucket-integration.adoc,bitbucket-integration.adoc,3 months ago,1733152029
29,../jekyll/_cci2/browser-testing.adoc,browser-testing.adoc,3 days ago,1741018495
30,../jekyll/_cci2/browser-testing.adoc,browser-testing.adoc,3 days ago,1741018495
31,../jekyll/_cci2/building-docker-images.adoc,building-docker-images.adoc,3 days ago,1741018495
32,../jekyll/_cci2/building-docker-images.adoc,building-docker-images.adoc,3 days ago,1741018495
33,../jekyll/_cci2/caching-strategy.adoc,caching-strategy.adoc,3 months ago,1733857126
34,../jekyll/_cci2/caching-strategy.adoc,caching-strategy.adoc,3 months ago,1733857126
35,../jekyll/_cci2/caching.adoc,caching.adoc,3 days ago,1741018495
36,../jekyll/_cci2/caching.adoc,caching.adoc,3 days ago,1741018495
37,../jekyll/_cci2/circleci-config-sdk.adoc,circleci-config-sdk.adoc,12 months ago,1711380963
38,../jekyll/_cci2/circleci-config-sdk.adoc,circleci-config-sdk.adoc,12 months ago,1711380963
39,../jekyll/_cci2/circleci-images.adoc,circleci-images.adoc,3 days ago,1741018495
40,../jekyll/_cci2/circleci-images.adoc,circleci-images.adoc,3 days ago,1741018495
41,../jekyll/_cci2/code-coverage.adoc,code-coverage.adoc,3 days ago,1741018495
42,../jekyll/_cci2/code-coverage.adoc,code-coverage.adoc,3 days ago,1741018495
43,../jekyll/_cci2/collect-test-data.adoc,collect-test-data.adoc,3 months ago,1733857126
44,../jekyll/_cci2/collect-test-data.adoc,collect-test-data.adoc,3 months ago,1733857126
45,../jekyll/_cci2/concepts.adoc,concepts.adoc,3 days ago,1741018495
46,../jekyll/_cci2/concepts.adoc,concepts.adoc,3 days ago,1741018495
47,../jekyll/_cci2/concurrency.adoc,concurrency.adoc,3 days ago,1741018495
48,../jekyll/_cci2/concurrency.adoc,concurrency.adoc,3 days ago,1741018495
49,../jekyll/_cci2/config-editor.adoc,config-editor.adoc,3 months ago,1733857126
50,../jekyll/_cci2/config-editor.adoc,config-editor.adoc,3 months ago,1733857126
51,../jekyll/_cci2/config-intro.adoc,config-intro.adoc,3 days ago,1741018495
52,../jekyll/_cci2/config-intro.adoc,config-intro.adoc,3 days ago,1741018495
53,../jekyll/_cci2/config-policies-for-self-hosted-runner.adoc,config-policies-for-self-hosted-runner.adoc,3 days ago,1741030754
54,../jekyll/_cci2/config-policies-for-self-hosted-runner.adoc,config-policies-for-self-hosted-runner.adoc,3 days ago,1741030754
55,../jekyll/_cci2/config-policy-management-overview.adoc,config-policy-management-overview.adoc,3 days ago,1741030754
56,../jekyll/_cci2/config-policy-management-overview.adoc,config-policy-management-overview.adoc,3 days ago,1741030754
57,../jekyll/_cci2/config-policy-reference.adoc,config-policy-reference.adoc,8 weeks ago,1736432564
58,../jekyll/_cci2/config-policy-reference.adoc,config-policy-reference.adoc,8 weeks ago,1736432564
59,../jekyll/_cci2/configuration-reference.adoc,configuration-reference.adoc,3 days ago,1741018495
60,../jekyll/_cci2/configuration-reference.adoc,configuration-reference.adoc,3 days ago,1741018495
61,../jekyll/_cci2/container-runner-installation.adoc,container-runner-installation.adoc,60 minutes ago,1741261391
62,../jekyll/_cci2/container-runner-installation.adoc,container-runner-installation.adoc,60 minutes ago,1741261391
63,../jekyll/_cci2/container-runner-performance-benchmarks.adoc,container-runner-performance-benchmarks.adoc,2 weeks ago,1739880417
64,../jekyll/_cci2/container-runner-performance-benchmarks.adoc,container-runner-performance-benchmarks.adoc,2 weeks ago,1739880417
65,../jekyll/_cci2/container-runner.adoc,container-runner.adoc,5 weeks ago,1738258579
66,../jekyll/_cci2/container-runner.adoc,container-runner.adoc,5 weeks ago,1738258579
67,../jekyll/_cci2/contexts.adoc,contexts.adoc,3 days ago,1741030754
68,../jekyll/_cci2/contexts.adoc,contexts.adoc,3 days ago,1741030754
69,../jekyll/_cci2/convenience-images-support-policy.adoc,convenience-images-support-policy.adoc,3 months ago,1733857126
70,../jekyll/_cci2/convenience-images-support-policy.adoc,convenience-images-support-policy.adoc,3 months ago,1733857126
71,../jekyll/_cci2/create-an-orb.adoc,create-an-orb.adoc,3 months ago,1733857126
72,../jekyll/_cci2/create-an-orb.adoc,create-an-orb.adoc,3 months ago,1733857126
73,../jekyll/_cci2/create-and-manage-config-policies.adoc,create-and-manage-config-policies.adoc,3 days ago,1741030754
74,../jekyll/_cci2/create-and-manage-config-policies.adoc,create-and-manage-config-policies.adoc,3 days ago,1741030754
75,../jekyll/_cci2/create-project.adoc,create-project.adoc,3 weeks ago,1739199515
76,../jekyll/_cci2/create-project.adoc,create-project.adoc,3 weeks ago,1739199515
77,../jekyll/_cci2/creating-orbs.adoc,creating-orbs.adoc,"1 year, 1 month ago",1708344065
78,../jekyll/_cci2/creating-orbs.adoc,creating-orbs.adoc,"1 year, 1 month ago",1708344065
79,../jekyll/_cci2/credits.adoc,credits.adoc,11 months ago,1711626301
80,../jekyll/_cci2/credits.adoc,credits.adoc,11 months ago,1711626301
81,../jekyll/_cci2/custom-images.adoc,custom-images.adoc,3 days ago,1741018495
82,../jekyll/_cci2/custom-images.adoc,custom-images.adoc,3 days ago,1741018495
83,../jekyll/_cci2/databases.adoc,databases.adoc,3 days ago,1741018495
84,../jekyll/_cci2/databases.adoc,databases.adoc,3 days ago,1741018495
85,../jekyll/_cci2/datadog-integration.adoc,datadog-integration.adoc,3 months ago,1733857126
86,../jekyll/_cci2/datadog-integration.adoc,datadog-integration.adoc,3 months ago,1733857126
87,../jekyll/_cci2/deploy-android-applications.adoc,deploy-android-applications.adoc,5 weeks ago,1738170525
88,../jekyll/_cci2/deploy-android-applications.adoc,deploy-android-applications.adoc,5 weeks ago,1738170525
89,../jekyll/_cci2/deploy-ios-applications.adoc,deploy-ios-applications.adoc,5 weeks ago,1738076977
90,../jekyll/_cci2/deploy-ios-applications.adoc,deploy-ios-applications.adoc,5 weeks ago,1738076977
91,../jekyll/_cci2/deploy-over-ssh.adoc,deploy-over-ssh.adoc,3 months ago,1733857126
92,../jekyll/_cci2/deploy-over-ssh.adoc,deploy-over-ssh.adoc,3 months ago,1733857126
93,../jekyll/_cci2/deploy-service-update-to-aws-ecs.adoc,deploy-service-update-to-aws-ecs.adoc,5 weeks ago,1738170525
94,../jekyll/_cci2/deploy-service-update-to-aws-ecs.adoc,deploy-service-update-to-aws-ecs.adoc,5 weeks ago,1738170525
95,../jekyll/_cci2/deploy-to-amazon-sagemaker.adoc,deploy-to-amazon-sagemaker.adoc,3 days ago,1741030754
96,../jekyll/_cci2/deploy-to-amazon-sagemaker.adoc,deploy-to-amazon-sagemaker.adoc,3 days ago,1741030754
97,../jekyll/_cci2/deploy-to-artifactory.adoc,deploy-to-artifactory.adoc,3 days ago,1741018495
98,../jekyll/_cci2/deploy-to-artifactory.adoc,deploy-to-artifactory.adoc,3 days ago,1741018495
99,../jekyll/_cci2/deploy-to-aws.adoc,deploy-to-aws.adoc,3 days ago,1741018495
100,../jekyll/_cci2/deploy-to-aws.adoc,deploy-to-aws.adoc,3 days ago,1741018495
101,../jekyll/_cci2/deploy-to-azure-container-registry.adoc,deploy-to-azure-container-registry.adoc,3 days ago,1741018495
102,../jekyll/_cci2/deploy-to-azure-container-registry.adoc,deploy-to-azure-container-registry.adoc,3 days ago,1741018495
103,../jekyll/_cci2/deploy-to-capistrano.adoc,deploy-to-capistrano.adoc,3 months ago,1733857126
104,../jekyll/_cci2/deploy-to-capistrano.adoc,deploy-to-capistrano.adoc,3 months ago,1733857126
105,../jekyll/_cci2/deploy-to-cloud-foundry.adoc,deploy-to-cloud-foundry.adoc,5 weeks ago,1738170525
106,../jekyll/_cci2/deploy-to-cloud-foundry.adoc,deploy-to-cloud-foundry.adoc,5 weeks ago,1738170525
107,../jekyll/_cci2/deploy-to-firebase.adoc,deploy-to-firebase.adoc,5 weeks ago,1738170525
108,../jekyll/_cci2/deploy-to-firebase.adoc,deploy-to-firebase.adoc,5 weeks ago,1738170525
109,../jekyll/_cci2/deploy-to-google-cloud-platform.adoc,deploy-to-google-cloud-platform.adoc,3 days ago,1741018495
110,../jekyll/_cci2/deploy-to-google-cloud-platform.adoc,deploy-to-google-cloud-platform.adoc,3 days ago,1741018495
111,../jekyll/_cci2/deploy-to-heroku.adoc,deploy-to-heroku.adoc,3 days ago,1741018495
112,../jekyll/_cci2/deploy-to-heroku.adoc,deploy-to-heroku.adoc,3 days ago,1741018495
113,../jekyll/_cci2/deploy-to-npm-registry.adoc,deploy-to-npm-registry.adoc,3 months ago,1733857126
114,../jekyll/_cci2/deploy-to-npm-registry.adoc,deploy-to-npm-registry.adoc,3 months ago,1733857126
115,../jekyll/_cci2/deployment-overview.adoc,deployment-overview.adoc,5 weeks ago,1738170525
116,../jekyll/_cci2/deployment-overview.adoc,deployment-overview.adoc,5 weeks ago,1738170525
117,../jekyll/_cci2/docker-compose.adoc,docker-compose.adoc,5 weeks ago,1738076977
118,../jekyll/_cci2/docker-compose.adoc,docker-compose.adoc,5 weeks ago,1738076977
119,../jekyll/_cci2/docker-layer-caching.adoc,docker-layer-caching.adoc,5 weeks ago,1738076977
120,../jekyll/_cci2/docker-layer-caching.adoc,docker-layer-caching.adoc,5 weeks ago,1738076977
121,../jekyll/_cci2/docker-to-machine.adoc,docker-to-machine.adoc,5 weeks ago,1738076977
122,../jekyll/_cci2/docker-to-machine.adoc,docker-to-machine.adoc,5 weeks ago,1738076977
123,../jekyll/_cci2/dynamic-config.adoc,dynamic-config.adoc,3 months ago,1733857126
124,../jekyll/_cci2/dynamic-config.adoc,dynamic-config.adoc,3 months ago,1733857126
125,../jekyll/_cci2/ecs-ecr.adoc,ecs-ecr.adoc,5 weeks ago,1738076977
126,../jekyll/_cci2/ecs-ecr.adoc,ecs-ecr.adoc,5 weeks ago,1738076977
127,../jekyll/_cci2/enable-checks.adoc,enable-checks.adoc,7 days ago,1740647260
128,../jekyll/_cci2/enable-checks.adoc,enable-checks.adoc,7 days ago,1740647260
129,../jekyll/_cci2/env-vars.adoc,env-vars.adoc,5 weeks ago,1738076977
130,../jekyll/_cci2/env-vars.adoc,env-vars.adoc,5 weeks ago,1738076977
131,../jekyll/_cci2/example-configs.adoc,example-configs.adoc,5 weeks ago,1738076977
132,../jekyll/_cci2/example-configs.adoc,example-configs.adoc,5 weeks ago,1738076977
133,../jekyll/_cci2/examples-and-guides-overview.adoc,examples-and-guides-overview.adoc,3 months ago,1733857126
134,../jekyll/_cci2/examples-and-guides-overview.adoc,examples-and-guides-overview.adoc,3 months ago,1733857126
135,../jekyll/_cci2/executor-intro.adoc,executor-intro.adoc,3 months ago,1733857126
136,../jekyll/_cci2/executor-intro.adoc,executor-intro.adoc,3 months ago,1733857126
137,../jekyll/_cci2/fail-fast.adoc,fail-fast.adoc,11 months ago,1711626301
138,../jekyll/_cci2/fail-fast.adoc,fail-fast.adoc,11 months ago,1711626301
139,../jekyll/_cci2/faq.adoc,faq.adoc,7 days ago,1740647260
140,../jekyll/_cci2/faq.adoc,faq.adoc,7 days ago,1740647260
141,../jekyll/_cci2/first-steps.adoc,first-steps.adoc,3 weeks ago,1739199515
142,../jekyll/_cci2/first-steps.adoc,first-steps.adoc,3 weeks ago,1739199515
143,../jekyll/_cci2/get-started-with-the-vs-code-extension.adoc,get-started-with-the-vs-code-extension.adoc,11 months ago,1711626301
144,../jekyll/_cci2/get-started-with-the-vs-code-extension.adoc,get-started-with-the-vs-code-extension.adoc,11 months ago,1711626301
145,../jekyll/_cci2/getting-started.adoc,getting-started.adoc,6 weeks ago,1737654001
146,../jekyll/_cci2/getting-started.adoc,getting-started.adoc,6 weeks ago,1737654001
147,../jekyll/_cci2/github-apps-integration.adoc,github-apps-integration.adoc,4 weeks ago,1738952568
148,../jekyll/_cci2/github-apps-integration.adoc,github-apps-integration.adoc,4 weeks ago,1738952568
149,../jekyll/_cci2/github-integration.adoc,github-integration.adoc,3 weeks ago,1739270439
150,../jekyll/_cci2/github-integration.adoc,github-integration.adoc,3 weeks ago,1739270439
151,../jekyll/_cci2/github-trigger-event-options.adoc,github-trigger-event-options.adoc,13 days ago,1740157897
152,../jekyll/_cci2/github-trigger-event-options.adoc,github-trigger-event-options.adoc,13 days ago,1740157897
153,../jekyll/_cci2/gitlab-integration.adoc,gitlab-integration.adoc,3 months ago,1733236320
154,../jekyll/_cci2/gitlab-integration.adoc,gitlab-integration.adoc,3 months ago,1733236320
155,../jekyll/_cci2/gitlab-trigger-options.adoc,gitlab-trigger-options.adoc,4 weeks ago,1738865226
156,../jekyll/_cci2/gitlab-trigger-options.adoc,gitlab-trigger-options.adoc,4 weeks ago,1738865226
157,../jekyll/_cci2/glossary.adoc,glossary.adoc,3 months ago,1733857126
158,../jekyll/_cci2/glossary.adoc,glossary.adoc,3 months ago,1733857126
159,../jekyll/_cci2/hello-world-macos.adoc,hello-world-macos.adoc,4 weeks ago,1738787219
160,../jekyll/_cci2/hello-world-macos.adoc,hello-world-macos.adoc,4 weeks ago,1738787219
161,../jekyll/_cci2/hello-world-windows.adoc,hello-world-windows.adoc,4 weeks ago,1738787219
162,../jekyll/_cci2/hello-world-windows.adoc,hello-world-windows.adoc,4 weeks ago,1738787219
163,../jekyll/_cci2/hello-world.adoc,hello-world.adoc,3 days ago,1741018495
164,../jekyll/_cci2/hello-world.adoc,hello-world.adoc,3 days ago,1741018495
165,../jekyll/_cci2/high-uid-error.adoc,high-uid-error.adoc,4 weeks ago,1738787219
166,../jekyll/_cci2/high-uid-error.adoc,high-uid-error.adoc,4 weeks ago,1738787219
167,../jekyll/_cci2/how-to-use-the-circleci-local-cli.adoc,how-to-use-the-circleci-local-cli.adoc,3 days ago,1741030754
168,../jekyll/_cci2/how-to-use-the-circleci-local-cli.adoc,how-to-use-the-circleci-local-cli.adoc,3 days ago,1741030754
169,../jekyll/_cci2/inject-environment-variables-with-api.adoc,inject-environment-variables-with-api.adoc,3 months ago,1734474620
170,../jekyll/_cci2/inject-environment-variables-with-api.adoc,inject-environment-variables-with-api.adoc,3 months ago,1734474620
171,../jekyll/_cci2/insights-glossary.adoc,insights-glossary.adoc,4 weeks ago,1738787219
172,../jekyll/_cci2/insights-glossary.adoc,insights-glossary.adoc,4 weeks ago,1738787219
173,../jekyll/_cci2/insights-snapshot-badge.adoc,insights-snapshot-badge.adoc,6 weeks ago,1737466790
174,../jekyll/_cci2/insights-snapshot-badge.adoc,insights-snapshot-badge.adoc,6 weeks ago,1737466790
175,../jekyll/_cci2/insights-tests.adoc,insights-tests.adoc,3 months ago,1733236320
176,../jekyll/_cci2/insights-tests.adoc,insights-tests.adoc,3 months ago,1733236320
177,../jekyll/_cci2/insights.adoc,insights.adoc,7 days ago,1740647260
178,../jekyll/_cci2/insights.adoc,insights.adoc,7 days ago,1740647260
179,../jekyll/_cci2/install-machine-runner-3-on-docker.adoc,install-machine-runner-3-on-docker.adoc,60 minutes ago,1741261391
180,../jekyll/_cci2/install-machine-runner-3-on-docker.adoc,install-machine-runner-3-on-docker.adoc,61 minutes ago,1741261391
181,../jekyll/_cci2/install-machine-runner-3-on-linux.adoc,install-machine-runner-3-on-linux.adoc,60 minutes ago,1741261391
182,../jekyll/_cci2/install-machine-runner-3-on-linux.adoc,install-machine-runner-3-on-linux.adoc,61 minutes ago,1741261391
183,../jekyll/_cci2/install-machine-runner-3-on-macos.adoc,install-machine-runner-3-on-macos.adoc,60 minutes ago,1741261391
184,../jekyll/_cci2/install-machine-runner-3-on-macos.adoc,install-machine-runner-3-on-macos.adoc,60 minutes ago,1741261391
185,../jekyll/_cci2/install-machine-runner-3-on-windows.adoc,install-machine-runner-3-on-windows.adoc,60 minutes ago,1741261391
186,../jekyll/_cci2/install-machine-runner-3-on-windows.adoc,install-machine-runner-3-on-windows.adoc,61 minutes ago,1741261391
187,../jekyll/_cci2/intelligent-summaries.adoc,intelligent-summaries.adoc,8 months ago,1721226716
188,../jekyll/_cci2/intelligent-summaries.adoc,intelligent-summaries.adoc,8 months ago,1721226716
189,../jekyll/_cci2/introduction-to-the-circleci-web-app.adoc,introduction-to-the-circleci-web-app.adoc,6 weeks ago,1737731025
190,../jekyll/_cci2/introduction-to-the-circleci-web-app.adoc,introduction-to-the-circleci-web-app.adoc,6 weeks ago,1737731025
191,../jekyll/_cci2/introduction-to-yaml-configurations.adoc,introduction-to-yaml-configurations.adoc,3 days ago,1741018495
192,../jekyll/_cci2/introduction-to-yaml-configurations.adoc,introduction-to-yaml-configurations.adoc,3 days ago,1741018495
193,../jekyll/_cci2/invite-your-team.adoc,invite-your-team.adoc,3 weeks ago,1739357840
194,../jekyll/_cci2/invite-your-team.adoc,invite-your-team.adoc,3 weeks ago,1739357840
195,../jekyll/_cci2/ios-codesigning.adoc,ios-codesigning.adoc,"1 year, 3 months ago",1701276506
196,../jekyll/_cci2/ios-codesigning.adoc,ios-codesigning.adoc,"1 year, 3 months ago",1701276506
197,../jekyll/_cci2/ip-ranges.adoc,ip-ranges.adoc,3 months ago,1734427724
198,../jekyll/_cci2/ip-ranges.adoc,ip-ranges.adoc,3 months ago,1734427724
199,../jekyll/_cci2/java-oom.adoc,java-oom.adoc,3 months ago,1733857126
200,../jekyll/_cci2/java-oom.adoc,java-oom.adoc,3 months ago,1733857126
201,../jekyll/_cci2/jira-plugin.adoc,jira-plugin.adoc,"1 year, 3 months ago",1701263431
202,../jekyll/_cci2/jira-plugin.adoc,jira-plugin.adoc,"1 year, 3 months ago",1701263431
203,../jekyll/_cci2/jobs-steps.adoc,jobs-steps.adoc,3 days ago,1741018495
204,../jekyll/_cci2/jobs-steps.adoc,jobs-steps.adoc,3 days ago,1741018495
205,../jekyll/_cci2/language-go.adoc,language-go.adoc,7 days ago,1740647260
206,../jekyll/_cci2/language-go.adoc,language-go.adoc,7 days ago,1740647260
207,../jekyll/_cci2/language-javascript.adoc,language-javascript.adoc,7 days ago,1740647260
208,../jekyll/_cci2/language-javascript.adoc,language-javascript.adoc,7 days ago,1740647260
209,../jekyll/_cci2/language-python.adoc,language-python.adoc,7 days ago,1740647260
210,../jekyll/_cci2/language-python.adoc,language-python.adoc,7 days ago,1740647260
211,../jekyll/_cci2/linux-cuda-images-support-policy.adoc,linux-cuda-images-support-policy.adoc,3 months ago,1733857126
212,../jekyll/_cci2/linux-cuda-images-support-policy.adoc,linux-cuda-images-support-policy.adoc,3 months ago,1733857126
213,../jekyll/_cci2/linux-vm-support-policy.adoc,linux-vm-support-policy.adoc,"1 year, 3 months ago",1701936287
214,../jekyll/_cci2/linux-vm-support-policy.adoc,linux-vm-support-policy.adoc,"1 year, 3 months ago",1701936287
215,../jekyll/_cci2/local-cli.adoc,local-cli.adoc,3 months ago,1733857126
216,../jekyll/_cci2/local-cli.adoc,local-cli.adoc,3 months ago,1733857126
217,../jekyll/_cci2/machine-runner-3-configuration-reference.adoc,machine-runner-3-configuration-reference.adoc,4 weeks ago,1738678488
218,../jekyll/_cci2/machine-runner-3-configuration-reference.adoc,machine-runner-3-configuration-reference.adoc,4 weeks ago,1738678488
219,../jekyll/_cci2/machine-runner-3-manual-installation-on-windows.adoc,machine-runner-3-manual-installation-on-windows.adoc,60 minutes ago,1741261391
220,../jekyll/_cci2/machine-runner-3-manual-installation-on-windows.adoc,machine-runner-3-manual-installation-on-windows.adoc,60 minutes ago,1741261391
221,../jekyll/_cci2/machine-runner-3-manual-installation.adoc,machine-runner-3-manual-installation.adoc,60 minutes ago,1741261391
222,../jekyll/_cci2/machine-runner-3-manual-installation.adoc,machine-runner-3-manual-installation.adoc,60 minutes ago,1741261391
223,../jekyll/_cci2/manage-contexts-with-config-policies.adoc,manage-contexts-with-config-policies.adoc,3 days ago,1741030754
224,../jekyll/_cci2/manage-contexts-with-config-policies.adoc,manage-contexts-with-config-policies.adoc,3 days ago,1741030754
225,../jekyll/_cci2/manage-groups.adoc,manage-groups.adoc,"1 year, 1 month ago",1707247237
226,../jekyll/_cci2/manage-groups.adoc,manage-groups.adoc,"1 year, 1 month ago",1707247237
227,../jekyll/_cci2/manage-roles-and-permissions.adoc,manage-roles-and-permissions.adoc,6 months ago,1725464619
228,../jekyll/_cci2/manage-roles-and-permissions.adoc,manage-roles-and-permissions.adoc,6 months ago,1725464619
229,../jekyll/_cci2/managing-api-tokens.adoc,managing-api-tokens.adoc,7 days ago,1740647260
230,../jekyll/_cci2/managing-api-tokens.adoc,managing-api-tokens.adoc,7 days ago,1740647260
231,../jekyll/_cci2/migrate-from-deploy-to-run.adoc,migrate-from-deploy-to-run.adoc,3 months ago,1733857126
232,../jekyll/_cci2/migrate-from-deploy-to-run.adoc,migrate-from-deploy-to-run.adoc,3 months ago,1733857126
233,../jekyll/_cci2/migrate-from-launch-agent-to-machine-runner-3-on-linux.adoc,migrate-from-launch-agent-to-machine-runner-3-on-linux.adoc,5 months ago,1728297919
234,../jekyll/_cci2/migrate-from-launch-agent-to-machine-runner-3-on-linux.adoc,migrate-from-launch-agent-to-machine-runner-3-on-linux.adoc,5 months ago,1728297919
235,../jekyll/_cci2/migrate-from-launch-agent-to-machine-runner-3-on-macos.adoc,migrate-from-launch-agent-to-machine-runner-3-on-macos.adoc,10 months ago,1714697897
236,../jekyll/_cci2/migrate-from-launch-agent-to-machine-runner-3-on-macos.adoc,migrate-from-launch-agent-to-machine-runner-3-on-macos.adoc,10 months ago,1714697897
237,../jekyll/_cci2/migrate-from-launch-agent-to-machine-runner-3-on-windows.adoc,migrate-from-launch-agent-to-machine-runner-3-on-windows.adoc,60 minutes ago,1741261391
238,../jekyll/_cci2/migrate-from-launch-agent-to-machine-runner-3-on-windows.adoc,migrate-from-launch-agent-to-machine-runner-3-on-windows.adoc,61 minutes ago,1741261391
239,../jekyll/_cci2/migrate-scheduled-workflows-to-scheduled-pipelines.adoc,migrate-scheduled-workflows-to-scheduled-pipelines.adoc,3 months ago,1733236320
240,../jekyll/_cci2/migrate-scheduled-workflows-to-scheduled-pipelines.adoc,migrate-scheduled-workflows-to-scheduled-pipelines.adoc,3 months ago,1733236320
241,../jekyll/_cci2/migrating-from-aws.adoc,migrating-from-aws.adoc,3 days ago,1741018495
242,../jekyll/_cci2/migrating-from-aws.adoc,migrating-from-aws.adoc,3 days ago,1741018495
243,../jekyll/_cci2/migrating-from-azuredevops.adoc,migrating-from-azuredevops.adoc,3 days ago,1741018495
244,../jekyll/_cci2/migrating-from-azuredevops.adoc,migrating-from-azuredevops.adoc,3 days ago,1741018495
245,../jekyll/_cci2/migrating-from-buildkite.adoc,migrating-from-buildkite.adoc,3 days ago,1741018495
246,../jekyll/_cci2/migrating-from-buildkite.adoc,migrating-from-buildkite.adoc,3 days ago,1741018495
247,../jekyll/_cci2/migrating-from-github.adoc,migrating-from-github.adoc,3 days ago,1741018495
248,../jekyll/_cci2/migrating-from-github.adoc,migrating-from-github.adoc,3 days ago,1741018495
249,../jekyll/_cci2/migrating-from-gitlab.adoc,migrating-from-gitlab.adoc,3 days ago,1741018495
250,../jekyll/_cci2/migrating-from-gitlab.adoc,migrating-from-gitlab.adoc,3 days ago,1741018495
251,../jekyll/_cci2/migrating-from-jenkins.adoc,migrating-from-jenkins.adoc,7 days ago,1740647260
252,../jekyll/_cci2/migrating-from-jenkins.adoc,migrating-from-jenkins.adoc,7 days ago,1740647260
253,../jekyll/_cci2/migrating-from-teamcity.adoc,migrating-from-teamcity.adoc,3 days ago,1741018495
254,../jekyll/_cci2/migrating-from-teamcity.adoc,migrating-from-teamcity.adoc,3 days ago,1741018495
255,../jekyll/_cci2/migrating-from-travis.adoc,migrating-from-travis.adoc,7 days ago,1740647260
256,../jekyll/_cci2/migrating-from-travis.adoc,migrating-from-travis.adoc,7 days ago,1740647260
257,../jekyll/_cci2/migration-intro.adoc,migration-intro.adoc,3 months ago,1733857126
258,../jekyll/_cci2/migration-intro.adoc,migration-intro.adoc,3 months ago,1733857126
259,../jekyll/_cci2/new-relic-integration.adoc,new-relic-integration.adoc,3 months ago,1733857126
260,../jekyll/_cci2/new-relic-integration.adoc,new-relic-integration.adoc,3 months ago,1733857126
261,../jekyll/_cci2/next-gen-migration-guide.adoc,next-gen-migration-guide.adoc,7 days ago,1740647260
262,../jekyll/_cci2/next-gen-migration-guide.adoc,next-gen-migration-guide.adoc,7 days ago,1740647260
263,../jekyll/_cci2/notifications.adoc,notifications.adoc,7 days ago,1740647260
264,../jekyll/_cci2/notifications.adoc,notifications.adoc,7 days ago,1740647260
265,../jekyll/_cci2/notify-a-slack-channel-of-a-paused-workflow.adoc,notify-a-slack-channel-of-a-paused-workflow.adoc,3 months ago,1733857126
266,../jekyll/_cci2/notify-a-slack-channel-of-a-paused-workflow.adoc,notify-a-slack-channel-of-a-paused-workflow.adoc,3 months ago,1733857126
267,../jekyll/_cci2/oidc-tokens-with-custom-claims.adoc,oidc-tokens-with-custom-claims.adoc,"1 year, 1 month ago",1707223552
268,../jekyll/_cci2/oidc-tokens-with-custom-claims.adoc,oidc-tokens-with-custom-claims.adoc,"1 year, 1 month ago",1707223552
269,../jekyll/_cci2/open-source.adoc,open-source.adoc,3 months ago,1734700093
270,../jekyll/_cci2/open-source.adoc,open-source.adoc,3 months ago,1734700093
271,../jekyll/_cci2/openid-connect-tokens.adoc,openid-connect-tokens.adoc,3 days ago,1741030754
272,../jekyll/_cci2/openid-connect-tokens.adoc,openid-connect-tokens.adoc,3 days ago,1741030754
273,../jekyll/_cci2/optimizations.adoc,optimizations.adoc,3 months ago,1733857126
274,../jekyll/_cci2/optimizations.adoc,optimizations.adoc,3 months ago,1733857126
275,../jekyll/_cci2/orb-author-faq.adoc,orb-author-faq.adoc,3 months ago,1733857126
276,../jekyll/_cci2/orb-author-faq.adoc,orb-author-faq.adoc,3 months ago,1733857126
277,../jekyll/_cci2/orb-author-intro.adoc,orb-author-intro.adoc,7 days ago,1740647260
278,../jekyll/_cci2/orb-author-intro.adoc,orb-author-intro.adoc,7 days ago,1740647260
279,../jekyll/_cci2/orb-author-validate-publish.adoc,orb-author-validate-publish.adoc,7 days ago,1740647260
280,../jekyll/_cci2/orb-author-validate-publish.adoc,orb-author-validate-publish.adoc,7 days ago,1740647260
281,../jekyll/_cci2/orb-author.adoc,orb-author.adoc,7 days ago,1740647260
282,../jekyll/_cci2/orb-author.adoc,orb-author.adoc,7 days ago,1740647260
283,../jekyll/_cci2/orb-concepts.adoc,orb-concepts.adoc,7 days ago,1740647260
284,../jekyll/_cci2/orb-concepts.adoc,orb-concepts.adoc,7 days ago,1740647260
285,../jekyll/_cci2/orb-development-kit.adoc,orb-development-kit.adoc,3 months ago,1733857126
286,../jekyll/_cci2/orb-development-kit.adoc,orb-development-kit.adoc,3 months ago,1733857126
287,../jekyll/_cci2/orb-intro.adoc,orb-intro.adoc,7 days ago,1740647260
288,../jekyll/_cci2/orb-intro.adoc,orb-intro.adoc,7 days ago,1740647260
289,../jekyll/_cci2/orbs-best-practices.adoc,orbs-best-practices.adoc,7 days ago,1740647260
290,../jekyll/_cci2/orbs-best-practices.adoc,orbs-best-practices.adoc,7 days ago,1740647260
291,../jekyll/_cci2/orbs-faq.adoc,orbs-faq.adoc,3 months ago,1733857126
292,../jekyll/_cci2/orbs-faq.adoc,orbs-faq.adoc,3 months ago,1733857126
293,../jekyll/_cci2/orchestration-cookbook.adoc,orchestration-cookbook.adoc,4 weeks ago,1738865226
294,../jekyll/_cci2/orchestration-cookbook.adoc,orchestration-cookbook.adoc,4 weeks ago,1738865226
295,../jekyll/_cci2/oss.adoc,oss.adoc,2 weeks ago,1739892804
296,../jekyll/_cci2/oss.adoc,oss.adoc,2 weeks ago,1739892804
297,../jekyll/_cci2/parallelism-faster-jobs.adoc,parallelism-faster-jobs.adoc,7 days ago,1740647260
298,../jekyll/_cci2/parallelism-faster-jobs.adoc,parallelism-faster-jobs.adoc,7 days ago,1740647260
299,../jekyll/_cci2/persist-data.adoc,persist-data.adoc,7 days ago,1740647260
300,../jekyll/_cci2/persist-data.adoc,persist-data.adoc,7 days ago,1740647260
301,../jekyll/_cci2/pipeline-variables.adoc,pipeline-variables.adoc,3 months ago,1734474620
302,../jekyll/_cci2/pipeline-variables.adoc,pipeline-variables.adoc,3 months ago,1734474620
303,../jekyll/_cci2/pipelines.adoc,pipelines.adoc,60 minutes ago,1741261391
304,../jekyll/_cci2/pipelines.adoc,pipelines.adoc,61 minutes ago,1741261391
305,../jekyll/_cci2/plan-free.adoc,plan-free.adoc,7 months ago,1724175883
306,../jekyll/_cci2/plan-free.adoc,plan-free.adoc,7 months ago,1724175883
307,../jekyll/_cci2/plan-overview.adoc,plan-overview.adoc,3 months ago,1733857126
308,../jekyll/_cci2/plan-overview.adoc,plan-overview.adoc,3 months ago,1733857126
309,../jekyll/_cci2/plan-performance.adoc,plan-performance.adoc,8 months ago,1720644992
310,../jekyll/_cci2/plan-performance.adoc,plan-performance.adoc,8 months ago,1720644992
311,../jekyll/_cci2/plan-scale.adoc,plan-scale.adoc,8 months ago,1720644992
312,../jekyll/_cci2/plan-scale.adoc,plan-scale.adoc,8 months ago,1720644992
313,../jekyll/_cci2/plan-server.adoc,plan-server.adoc,3 months ago,1733857126
314,../jekyll/_cci2/plan-server.adoc,plan-server.adoc,3 months ago,1733857126
315,../jekyll/_cci2/postgres-config.adoc,postgres-config.adoc,4 weeks ago,1738787219
316,../jekyll/_cci2/postgres-config.adoc,postgres-config.adoc,4 weeks ago,1738787219
317,../jekyll/_cci2/prevent-unregistered-users-from-spending-credits.adoc,prevent-unregistered-users-from-spending-credits.adoc,5 months ago,1728297919
318,../jekyll/_cci2/prevent-unregistered-users-from-spending-credits.adoc,prevent-unregistered-users-from-spending-credits.adoc,5 months ago,1728297919
319,../jekyll/_cci2/private-images.adoc,private-images.adoc,3 months ago,1732633110
320,../jekyll/_cci2/private-images.adoc,private-images.adoc,3 months ago,1732633110
321,../jekyll/_cci2/publish-packages-to-packagecloud.adoc,publish-packages-to-packagecloud.adoc,3 days ago,1741018495
322,../jekyll/_cci2/publish-packages-to-packagecloud.adoc,publish-packages-to-packagecloud.adoc,3 days ago,1741018495
323,../jekyll/_cci2/pull-an-image-from-aws-ecr-with-oidc.adoc,pull-an-image-from-aws-ecr-with-oidc.adoc,"1 year, 7 months ago",1690200984
324,../jekyll/_cci2/pull-an-image-from-aws-ecr-with-oidc.adoc,pull-an-image-from-aws-ecr-with-oidc.adoc,"1 year, 7 months ago",1690200984
325,../jekyll/_cci2/release/configure-release-markers.adoc,configure-release-markers.adoc,7 weeks ago,1737052601
326,../jekyll/_cci2/release/configure-your-kubernetes-components.adoc,configure-your-kubernetes-components.adoc,8 weeks ago,1736439234
327,../jekyll/_cci2/release/manage-releases.adoc,manage-releases.adoc,7 months ago,1723467647
328,../jekyll/_cci2/release/releases-overview.adoc,releases-overview.adoc,3 months ago,1734534250
329,../jekyll/_cci2/release/set-up-circleci-releases.adoc,set-up-circleci-releases.adoc,5 months ago,1727104626
330,../jekyll/_cci2/release/set-up-the-release-agent.adoc,set-up-the-release-agent.adoc,7 months ago,1723467647
331,../jekyll/_cci2/release/update-the-kubernetes-release-agent.adoc,update-the-kubernetes-release-agent.adoc,7 months ago,1723467647
332,../jekyll/_cci2/remote-docker-images-support-policy.adoc,remote-docker-images-support-policy.adoc,3 months ago,1733857126
333,../jekyll/_cci2/remote-docker-images-support-policy.adoc,remote-docker-images-support-policy.adoc,3 months ago,1733857126
334,../jekyll/_cci2/rename-organizations-and-repositories.adoc,rename-organizations-and-repositories.adoc,7 months ago,1723746532
335,../jekyll/_cci2/rename-organizations-and-repositories.adoc,rename-organizations-and-repositories.adoc,7 months ago,1723746532
336,../jekyll/_cci2/rerun-failed-tests.adoc,rerun-failed-tests.adoc,3 months ago,1732632531
337,../jekyll/_cci2/rerun-failed-tests.adoc,rerun-failed-tests.adoc,3 months ago,1732632531
338,../jekyll/_cci2/resource-class-overview.adoc,resource-class-overview.adoc,60 minutes ago,1741261391
339,../jekyll/_cci2/resource-class-overview.adoc,resource-class-overview.adoc,61 minutes ago,1741261391
340,../jekyll/_cci2/reusing-config.adoc,reusing-config.adoc,3 days ago,1741018495
341,../jekyll/_cci2/reusing-config.adoc,reusing-config.adoc,3 days ago,1741018495
342,../jekyll/_cci2/roles-and-permissions-overview.adoc,roles-and-permissions-overview.adoc,3 months ago,1734366361
343,../jekyll/_cci2/roles-and-permissions-overview.adoc,roles-and-permissions-overview.adoc,3 months ago,1734366361
344,../jekyll/_cci2/rotate-project-ssh-keys.adoc,rotate-project-ssh-keys.adoc,3 months ago,1733857126
345,../jekyll/_cci2/rotate-project-ssh-keys.adoc,rotate-project-ssh-keys.adoc,3 months ago,1733857126
346,../jekyll/_cci2/run-a-job-in-a-container.adoc,run-a-job-in-a-container.adoc,3 months ago,1733857126
347,../jekyll/_cci2/run-a-job-in-a-container.adoc,run-a-job-in-a-container.adoc,3 months ago,1733857126
348,../jekyll/_cci2/runner-api.adoc,runner-api.adoc,3 months ago,1733857126
349,../jekyll/_cci2/runner-api.adoc,runner-api.adoc,3 months ago,1733857126
350,../jekyll/_cci2/runner-concepts.adoc,runner-concepts.adoc,3 months ago,1733857126
351,../jekyll/_cci2/runner-concepts.adoc,runner-concepts.adoc,3 months ago,1733857126
352,../jekyll/_cci2/runner-config-reference.adoc,runner-config-reference.adoc,3 months ago,1733855235
353,../jekyll/_cci2/runner-config-reference.adoc,runner-config-reference.adoc,3 months ago,1733855235
354,../jekyll/_cci2/runner-faqs.adoc,runner-faqs.adoc,3 months ago,1733857126
355,../jekyll/_cci2/runner-faqs.adoc,runner-faqs.adoc,3 months ago,1733857126
356,../jekyll/_cci2/runner-installation-docker.adoc,runner-installation-docker.adoc,60 minutes ago,1741261391
357,../jekyll/_cci2/runner-installation-docker.adoc,runner-installation-docker.adoc,61 minutes ago,1741261391
358,../jekyll/_cci2/runner-installation-linux.adoc,runner-installation-linux.adoc,60 minutes ago,1741261391
359,../jekyll/_cci2/runner-installation-linux.adoc,runner-installation-linux.adoc,61 minutes ago,1741261391
360,../jekyll/_cci2/runner-installation-mac.adoc,runner-installation-mac.adoc,60 minutes ago,1741261391
361,../jekyll/_cci2/runner-installation-mac.adoc,runner-installation-mac.adoc,61 minutes ago,1741261391
362,../jekyll/_cci2/runner-installation-windows.adoc,runner-installation-windows.adoc,60 minutes ago,1741261391
363,../jekyll/_cci2/runner-installation-windows.adoc,runner-installation-windows.adoc,61 minutes ago,1741261391
364,../jekyll/_cci2/runner-on-kubernetes.adoc,runner-on-kubernetes.adoc,3 months ago,1733857126
365,../jekyll/_cci2/runner-on-kubernetes.adoc,runner-on-kubernetes.adoc,3 months ago,1733857126
366,../jekyll/_cci2/runner-overview.adoc,runner-overview.adoc,3 months ago,1734428351
367,../jekyll/_cci2/runner-overview.adoc,runner-overview.adoc,3 months ago,1734428351
368,../jekyll/_cci2/runner-scaling.adoc,runner-scaling.adoc,3 months ago,1733857126
369,../jekyll/_cci2/runner-scaling.adoc,runner-scaling.adoc,3 months ago,1733857126
370,../jekyll/_cci2/runner-upgrading-on-server.adoc,runner-upgrading-on-server.adoc,5 months ago,1728297919
371,../jekyll/_cci2/runner-upgrading-on-server.adoc,runner-upgrading-on-server.adoc,5 months ago,1728297919
372,../jekyll/_cci2/sample-config.adoc,sample-config.adoc,3 days ago,1741018495
373,../jekyll/_cci2/sample-config.adoc,sample-config.adoc,3 days ago,1741018495
374,../jekyll/_cci2/schedule-pipelines-with-multiple-workflows.adoc,schedule-pipelines-with-multiple-workflows.adoc,7 months ago,1723673696
375,../jekyll/_cci2/schedule-pipelines-with-multiple-workflows.adoc,schedule-pipelines-with-multiple-workflows.adoc,7 months ago,1723673696
376,../jekyll/_cci2/scheduled-pipelines.adoc,scheduled-pipelines.adoc,7 days ago,1740647260
377,../jekyll/_cci2/scheduled-pipelines.adoc,scheduled-pipelines.adoc,7 days ago,1740647260
378,../jekyll/_cci2/security-overview.adoc,security-overview.adoc,3 months ago,1733857126
379,../jekyll/_cci2/security-overview.adoc,security-overview.adoc,3 months ago,1733857126
380,../jekyll/_cci2/security-recommendations.adoc,security-recommendations.adoc,5 weeks ago,1738076977
381,../jekyll/_cci2/security-recommendations.adoc,security-recommendations.adoc,5 weeks ago,1738076977
382,../jekyll/_cci2/security-server.adoc,security-server.adoc,3 months ago,1733857126
383,../jekyll/_cci2/security-server.adoc,security-server.adoc,3 months ago,1733857126
384,../jekyll/_cci2/security-supply-chain.adoc,security-supply-chain.adoc,5 weeks ago,1738076977
385,../jekyll/_cci2/security-supply-chain.adoc,security-supply-chain.adoc,5 weeks ago,1738076977
386,../jekyll/_cci2/security.adoc,security.adoc,5 weeks ago,1738076977
387,../jekyll/_cci2/security.adoc,security.adoc,5 weeks ago,1738076977
388,../jekyll/_cci2/selecting-a-workflow-to-run-using-pipeline-parameters.adoc,selecting-a-workflow-to-run-using-pipeline-parameters.adoc,3 months ago,1733857126
389,../jekyll/_cci2/selecting-a-workflow-to-run-using-pipeline-parameters.adoc,selecting-a-workflow-to-run-using-pipeline-parameters.adoc,3 months ago,1733857126
390,../jekyll/_cci2/server/latest/air-gapped-installation/additional-considerations.adoc,additional-considerations.adoc,4 months ago,1731020675
391,../jekyll/_cci2/server/latest/air-gapped-installation/example-values.adoc,example-values.adoc,4 months ago,1731020675
392,../jekyll/_cci2/server/latest/air-gapped-installation/phase-1-prerequisites.adoc,phase-1-prerequisites.adoc,4 months ago,1731020675
393,../jekyll/_cci2/server/latest/air-gapped-installation/phase-2-configure-object-storage.adoc,phase-2-configure-object-storage.adoc,6 weeks ago,1737722974
394,../jekyll/_cci2/server/latest/air-gapped-installation/phase-3-install-circleci-server.adoc,phase-3-install-circleci-server.adoc,6 weeks ago,1737722974
395,../jekyll/_cci2/server/latest/air-gapped-installation/phase-4-configure-nomad-clients.adoc,phase-4-configure-nomad-clients.adoc,4 months ago,1731020675
396,../jekyll/_cci2/server/latest/air-gapped-installation/phase-5-test-your-installation.adoc,phase-5-test-your-installation.adoc,4 months ago,1731020675
397,../jekyll/_cci2/server/latest/installation/hardening-your-cluster.adoc,hardening-your-cluster.adoc,4 months ago,1731020675
398,../jekyll/_cci2/server/latest/installation/installation-reference.adoc,installation-reference.adoc,4 months ago,1731020675
399,../jekyll/_cci2/server/latest/installation/installing-server-behind-a-proxy.adoc,installing-server-behind-a-proxy.adoc,4 months ago,1731020675
400,../jekyll/_cci2/server/latest/installation/phase-1-aws-prerequisites.adoc,phase-1-aws-prerequisites.adoc,4 months ago,1731020675
401,../jekyll/_cci2/server/latest/installation/phase-1-gcp-prerequisites.adoc,phase-1-gcp-prerequisites.adoc,4 months ago,1731020675
402,../jekyll/_cci2/server/latest/installation/phase-2-aws-core-services.adoc,phase-2-aws-core-services.adoc,4 months ago,1731020675
403,../jekyll/_cci2/server/latest/installation/phase-2-gcp-core-services.adoc,phase-2-gcp-core-services.adoc,4 months ago,1731020675
404,../jekyll/_cci2/server/latest/installation/phase-3-aws-execution-environments.adoc,phase-3-aws-execution-environments.adoc,4 months ago,1731020675
405,../jekyll/_cci2/server/latest/installation/phase-3-gcp-execution-environments.adoc,phase-3-gcp-execution-environments.adoc,4 months ago,1731020675
406,../jekyll/_cci2/server/latest/installation/phase-4-aws-post-installation.adoc,phase-4-aws-post-installation.adoc,4 months ago,1731020675
407,../jekyll/_cci2/server/latest/installation/phase-4-gcp-post-installation.adoc,phase-4-gcp-post-installation.adoc,4 months ago,1731020675
408,../jekyll/_cci2/server/latest/installation/upgrade-server.adoc,upgrade-server.adoc,8 weeks ago,1736519352
409,../jekyll/_cci2/server/latest/operator/application-lifecycle.adoc,application-lifecycle.adoc,3 months ago,1732658991
410,../jekyll/_cci2/server/latest/operator/backup-and-restore.adoc,backup-and-restore.adoc,4 months ago,1731020675
411,../jekyll/_cci2/server/latest/operator/circleci-server-security-features.adoc,circleci-server-security-features.adoc,4 months ago,1731020675
412,../jekyll/_cci2/server/latest/operator/configuring-external-services.adoc,configuring-external-services.adoc,3 days ago,1741030754
413,../jekyll/_cci2/server/latest/operator/expanding-internal-database-volumes.adoc,expanding-internal-database-volumes.adoc,4 months ago,1731020675
414,../jekyll/_cci2/server/latest/operator/faq.adoc,faq.adoc,4 months ago,1731020675
415,../jekyll/_cci2/server/latest/operator/introduction-to-nomad-cluster-operation.adoc,introduction-to-nomad-cluster-operation.adoc,4 months ago,1731020675
416,../jekyll/_cci2/server/latest/operator/manage-virtual-machines-with-machine-provisioner.adoc,manage-virtual-machines-with-machine-provisioner.adoc,4 weeks ago,1738858658
417,../jekyll/_cci2/server/latest/operator/managing-build-artifacts.adoc,managing-build-artifacts.adoc,4 months ago,1731020675
418,../jekyll/_cci2/server/latest/operator/managing-load-balancers.adoc,managing-load-balancers.adoc,4 months ago,1731020675
419,../jekyll/_cci2/server/latest/operator/managing-orbs.adoc,managing-orbs.adoc,4 months ago,1731020675
420,../jekyll/_cci2/server/latest/operator/managing-user-accounts.adoc,managing-user-accounts.adoc,4 months ago,1731020675
421,../jekyll/_cci2/server/latest/operator/operator-overview.adoc,operator-overview.adoc,4 months ago,1731020675
422,../jekyll/_cci2/server/latest/operator/troubleshooting-and-support.adoc,troubleshooting-and-support.adoc,4 months ago,1731020675
423,../jekyll/_cci2/server/latest/operator/upgrade-mongo.adoc,upgrade-mongo.adoc,4 months ago,1731020675
424,../jekyll/_cci2/server/latest/operator/usage-data-collection.adoc,usage-data-collection.adoc,4 months ago,1731020675
425,../jekyll/_cci2/server/latest/operator/user-authentication.adoc,user-authentication.adoc,4 months ago,1731020675
426,../jekyll/_cci2/server/latest/overview/circleci-server-overview.adoc,circleci-server-overview.adoc,4 months ago,1731020675
427,../jekyll/_cci2/server/latest/overview/release-notes.adoc,release-notes.adoc,4 months ago,1731020675
428,../jekyll/_cci2/server/v4.1/air-gapped-installation/additional-considerations.adoc,additional-considerations.adoc,6 months ago,1725461737
429,../jekyll/_cci2/server/v4.1/air-gapped-installation/example-values.adoc,example-values.adoc,6 months ago,1725461737
430,../jekyll/_cci2/server/v4.1/air-gapped-installation/phase-1-prerequisites.adoc,phase-1-prerequisites.adoc,6 months ago,1725461737
431,../jekyll/_cci2/server/v4.1/air-gapped-installation/phase-2-configure-object-storage.adoc,phase-2-configure-object-storage.adoc,6 months ago,1725461737
432,../jekyll/_cci2/server/v4.1/air-gapped-installation/phase-3-install-circleci-server.adoc,phase-3-install-circleci-server.adoc,5 months ago,1728297919
433,../jekyll/_cci2/server/v4.1/air-gapped-installation/phase-4-configure-nomad-clients.adoc,phase-4-configure-nomad-clients.adoc,6 months ago,1725461737
434,../jekyll/_cci2/server/v4.1/air-gapped-installation/phase-5-test-your-installation.adoc,phase-5-test-your-installation.adoc,6 months ago,1725461737
435,../jekyll/_cci2/server/v4.1/installation/hardening-your-cluster.adoc,hardening-your-cluster.adoc,6 months ago,1725461737
436,../jekyll/_cci2/server/v4.1/installation/installation-reference.adoc,installation-reference.adoc,5 months ago,1728297919
437,../jekyll/_cci2/server/v4.1/installation/installing-server-behind-a-proxy.adoc,installing-server-behind-a-proxy.adoc,5 months ago,1728297919
438,../jekyll/_cci2/server/v4.1/installation/phase-1-prerequisites.adoc,phase-1-prerequisites.adoc,5 months ago,1728297919
439,../jekyll/_cci2/server/v4.1/installation/phase-2-core-services.adoc,phase-2-core-services.adoc,6 months ago,1725461737
440,../jekyll/_cci2/server/v4.1/installation/phase-3-execution-environments.adoc,phase-3-execution-environments.adoc,5 months ago,1728297919
441,../jekyll/_cci2/server/v4.1/installation/phase-4-post-installation.adoc,phase-4-post-installation.adoc,6 months ago,1725461737
442,../jekyll/_cci2/server/v4.1/installation/upgrade-server.adoc,upgrade-server.adoc,5 months ago,1728297919
443,../jekyll/_cci2/server/v4.1/operator/application-lifecycle.adoc,application-lifecycle.adoc,6 months ago,1725461737
444,../jekyll/_cci2/server/v4.1/operator/backup-and-restore.adoc,backup-and-restore.adoc,6 months ago,1725461737
445,../jekyll/_cci2/server/v4.1/operator/circleci-server-security-features.adoc,circleci-server-security-features.adoc,6 months ago,1725461737
446,../jekyll/_cci2/server/v4.1/operator/configuring-external-services.adoc,configuring-external-services.adoc,3 days ago,1741030754
447,../jekyll/_cci2/server/v4.1/operator/expanding-internal-database-volumes.adoc,expanding-internal-database-volumes.adoc,6 months ago,1725461737
448,../jekyll/_cci2/server/v4.1/operator/faq.adoc,faq.adoc,6 months ago,1725461737
449,../jekyll/_cci2/server/v4.1/operator/introduction-to-nomad-cluster-operation.adoc,introduction-to-nomad-cluster-operation.adoc,6 months ago,1725461737
450,../jekyll/_cci2/server/v4.1/operator/manage-virtual-machines-with-vm-service.adoc,manage-virtual-machines-with-vm-service.adoc,5 months ago,1728297919
451,../jekyll/_cci2/server/v4.1/operator/managing-build-artifacts.adoc,managing-build-artifacts.adoc,6 months ago,1725461737
452,../jekyll/_cci2/server/v4.1/operator/managing-load-balancers.adoc,managing-load-balancers.adoc,7 months ago,1723579456
453,../jekyll/_cci2/server/v4.1/operator/managing-orbs.adoc,managing-orbs.adoc,5 months ago,1728297919
454,../jekyll/_cci2/server/v4.1/operator/managing-user-accounts.adoc,managing-user-accounts.adoc,6 months ago,1725461737
455,../jekyll/_cci2/server/v4.1/operator/operator-overview.adoc,operator-overview.adoc,5 months ago,1728297919
456,../jekyll/_cci2/server/v4.1/operator/troubleshooting-and-support.adoc,troubleshooting-and-support.adoc,6 months ago,1725461737
457,../jekyll/_cci2/server/v4.1/operator/upgrade-mongo.adoc,upgrade-mongo.adoc,6 months ago,1725461737
458,../jekyll/_cci2/server/v4.1/operator/usage-data-collection.adoc,usage-data-collection.adoc,6 months ago,1725461737
459,../jekyll/_cci2/server/v4.1/operator/user-authentication.adoc,user-authentication.adoc,6 months ago,1725461737
460,../jekyll/_cci2/server/v4.1/overview/circleci-server-overview.adoc,circleci-server-overview.adoc,6 months ago,1725461737
461,../jekyll/_cci2/server/v4.1/overview/release-notes.adoc,release-notes.adoc,6 months ago,1725461737
462,../jekyll/_cci2/server/v4.2/air-gapped-installation/additional-considerations.adoc,additional-considerations.adoc,7 months ago,1723579456
463,../jekyll/_cci2/server/v4.2/air-gapped-installation/example-values.adoc,example-values.adoc,7 months ago,1723579456
464,../jekyll/_cci2/server/v4.2/air-gapped-installation/phase-1-prerequisites.adoc,phase-1-prerequisites.adoc,7 months ago,1723579456
465,../jekyll/_cci2/server/v4.2/air-gapped-installation/phase-2-configure-object-storage.adoc,phase-2-configure-object-storage.adoc,7 months ago,1723579456
466,../jekyll/_cci2/server/v4.2/air-gapped-installation/phase-3-install-circleci-server.adoc,phase-3-install-circleci-server.adoc,5 months ago,1728297919
467,../jekyll/_cci2/server/v4.2/air-gapped-installation/phase-4-configure-nomad-clients.adoc,phase-4-configure-nomad-clients.adoc,7 months ago,1723579456
468,../jekyll/_cci2/server/v4.2/air-gapped-installation/phase-5-test-your-installation.adoc,phase-5-test-your-installation.adoc,7 months ago,1723579456
469,../jekyll/_cci2/server/v4.2/installation/hardening-your-cluster.adoc,hardening-your-cluster.adoc,7 months ago,1723579456
470,../jekyll/_cci2/server/v4.2/installation/installation-reference.adoc,installation-reference.adoc,5 months ago,1728297919
471,../jekyll/_cci2/server/v4.2/installation/installing-server-behind-a-proxy.adoc,installing-server-behind-a-proxy.adoc,5 months ago,1728297919
472,../jekyll/_cci2/server/v4.2/installation/phase-1-prerequisites.adoc,phase-1-prerequisites.adoc,5 months ago,1728297919
473,../jekyll/_cci2/server/v4.2/installation/phase-2-core-services.adoc,phase-2-core-services.adoc,7 months ago,1723579456
474,../jekyll/_cci2/server/v4.2/installation/phase-3-execution-environments.adoc,phase-3-execution-environments.adoc,5 months ago,1728297919
475,../jekyll/_cci2/server/v4.2/installation/phase-4-post-installation.adoc,phase-4-post-installation.adoc,7 months ago,1723579456
476,../jekyll/_cci2/server/v4.2/installation/upgrade-server.adoc,upgrade-server.adoc,5 months ago,1728297919
477,../jekyll/_cci2/server/v4.2/operator/application-lifecycle.adoc,application-lifecycle.adoc,7 months ago,1723579456
478,../jekyll/_cci2/server/v4.2/operator/backup-and-restore.adoc,backup-and-restore.adoc,7 months ago,1723579456
479,../jekyll/_cci2/server/v4.2/operator/circleci-server-security-features.adoc,circleci-server-security-features.adoc,7 months ago,1723579456
480,../jekyll/_cci2/server/v4.2/operator/configuring-external-services.adoc,configuring-external-services.adoc,3 days ago,1741030754
481,../jekyll/_cci2/server/v4.2/operator/expanding-internal-database-volumes.adoc,expanding-internal-database-volumes.adoc,7 months ago,1723579456
482,../jekyll/_cci2/server/v4.2/operator/faq.adoc,faq.adoc,7 months ago,1723579456
483,../jekyll/_cci2/server/v4.2/operator/introduction-to-nomad-cluster-operation.adoc,introduction-to-nomad-cluster-operation.adoc,7 months ago,1723579456
484,../jekyll/_cci2/server/v4.2/operator/manage-virtual-machines-with-vm-service.adoc,manage-virtual-machines-with-vm-service.adoc,5 months ago,1728297919
485,../jekyll/_cci2/server/v4.2/operator/managing-build-artifacts.adoc,managing-build-artifacts.adoc,7 months ago,1723579456
486,../jekyll/_cci2/server/v4.2/operator/managing-load-balancers.adoc,managing-load-balancers.adoc,7 months ago,1723579456
487,../jekyll/_cci2/server/v4.2/operator/managing-orbs.adoc,managing-orbs.adoc,5 months ago,1728297919
488,../jekyll/_cci2/server/v4.2/operator/managing-user-accounts.adoc,managing-user-accounts.adoc,7 months ago,1723579456
489,../jekyll/_cci2/server/v4.2/operator/operator-overview.adoc,operator-overview.adoc,5 months ago,1728297919
490,../jekyll/_cci2/server/v4.2/operator/troubleshooting-and-support.adoc,troubleshooting-and-support.adoc,7 months ago,1723579456
491,../jekyll/_cci2/server/v4.2/operator/upgrade-mongo.adoc,upgrade-mongo.adoc,7 months ago,1723579456
492,../jekyll/_cci2/server/v4.2/operator/usage-data-collection.adoc,usage-data-collection.adoc,7 months ago,1723579456
493,../jekyll/_cci2/server/v4.2/operator/user-authentication.adoc,user-authentication.adoc,7 months ago,1723579456
494,../jekyll/_cci2/server/v4.2/overview/circleci-server-overview.adoc,circleci-server-overview.adoc,7 months ago,1723579456
495,../jekyll/_cci2/server/v4.2/overview/release-notes.adoc,release-notes.adoc,7 months ago,1723733884
496,../jekyll/_cci2/server/v4.3/air-gapped-installation/additional-considerations.adoc,additional-considerations.adoc,6 months ago,1725278618
497,../jekyll/_cci2/server/v4.3/air-gapped-installation/example-values.adoc,example-values.adoc,6 months ago,1725278618
498,../jekyll/_cci2/server/v4.3/air-gapped-installation/phase-1-prerequisites.adoc,phase-1-prerequisites.adoc,6 months ago,1725278618
499,../jekyll/_cci2/server/v4.3/air-gapped-installation/phase-2-configure-object-storage.adoc,phase-2-configure-object-storage.adoc,6 months ago,1725278618
500,../jekyll/_cci2/server/v4.3/air-gapped-installation/phase-3-install-circleci-server.adoc,phase-3-install-circleci-server.adoc,5 months ago,1728297919
501,../jekyll/_cci2/server/v4.3/air-gapped-installation/phase-4-configure-nomad-clients.adoc,phase-4-configure-nomad-clients.adoc,6 months ago,1725278618
502,../jekyll/_cci2/server/v4.3/air-gapped-installation/phase-5-test-your-installation.adoc,phase-5-test-your-installation.adoc,6 months ago,1725278618
503,../jekyll/_cci2/server/v4.3/installation/hardening-your-cluster.adoc,hardening-your-cluster.adoc,7 months ago,1723579456
504,../jekyll/_cci2/server/v4.3/installation/installation-reference.adoc,installation-reference.adoc,5 months ago,1728297919
505,../jekyll/_cci2/server/v4.3/installation/installing-server-behind-a-proxy.adoc,installing-server-behind-a-proxy.adoc,5 months ago,1728297919
506,../jekyll/_cci2/server/v4.3/installation/phase-1-prerequisites.adoc,phase-1-prerequisites.adoc,5 months ago,1728297919
507,../jekyll/_cci2/server/v4.3/installation/phase-2-core-services.adoc,phase-2-core-services.adoc,7 months ago,1723579456
508,../jekyll/_cci2/server/v4.3/installation/phase-3-execution-environments.adoc,phase-3-execution-environments.adoc,5 months ago,1728297919
509,../jekyll/_cci2/server/v4.3/installation/phase-4-post-installation.adoc,phase-4-post-installation.adoc,6 months ago,1725278618
510,../jekyll/_cci2/server/v4.3/installation/upgrade-server.adoc,upgrade-server.adoc,8 weeks ago,1736452630
511,../jekyll/_cci2/server/v4.3/operator/application-lifecycle.adoc,application-lifecycle.adoc,7 months ago,1723579456
512,../jekyll/_cci2/server/v4.3/operator/backup-and-restore.adoc,backup-and-restore.adoc,6 months ago,1725278618
513,../jekyll/_cci2/server/v4.3/operator/circleci-server-security-features.adoc,circleci-server-security-features.adoc,7 months ago,1723579456
514,../jekyll/_cci2/server/v4.3/operator/configuring-external-services.adoc,configuring-external-services.adoc,3 days ago,1741030754
515,../jekyll/_cci2/server/v4.3/operator/expanding-internal-database-volumes.adoc,expanding-internal-database-volumes.adoc,7 months ago,1723579456
516,../jekyll/_cci2/server/v4.3/operator/faq.adoc,faq.adoc,7 months ago,1723579456
517,../jekyll/_cci2/server/v4.3/operator/introduction-to-nomad-cluster-operation.adoc,introduction-to-nomad-cluster-operation.adoc,7 months ago,1723579456
518,../jekyll/_cci2/server/v4.3/operator/manage-virtual-machines-with-machine-provisioner.adoc,manage-virtual-machines-with-machine-provisioner.adoc,5 months ago,1728297919
519,../jekyll/_cci2/server/v4.3/operator/managing-build-artifacts.adoc,managing-build-artifacts.adoc,7 months ago,1723579456
520,../jekyll/_cci2/server/v4.3/operator/managing-load-balancers.adoc,managing-load-balancers.adoc,7 months ago,1723579456
521,../jekyll/_cci2/server/v4.3/operator/managing-orbs.adoc,managing-orbs.adoc,5 months ago,1728297919
522,../jekyll/_cci2/server/v4.3/operator/managing-user-accounts.adoc,managing-user-accounts.adoc,7 months ago,1723579456
523,../jekyll/_cci2/server/v4.3/operator/operator-overview.adoc,operator-overview.adoc,5 months ago,1728297919
524,../jekyll/_cci2/server/v4.3/operator/troubleshooting-and-support.adoc,troubleshooting-and-support.adoc,7 months ago,1723579456
525,../jekyll/_cci2/server/v4.3/operator/upgrade-mongo.adoc,upgrade-mongo.adoc,6 months ago,1725278618
526,../jekyll/_cci2/server/v4.3/operator/usage-data-collection.adoc,usage-data-collection.adoc,7 months ago,1723579456
527,../jekyll/_cci2/server/v4.3/operator/user-authentication.adoc,user-authentication.adoc,6 months ago,1725278618
528,../jekyll/_cci2/server/v4.3/overview/circleci-server-overview.adoc,circleci-server-overview.adoc,7 months ago,1723579456
529,../jekyll/_cci2/server/v4.3/overview/release-notes.adoc,release-notes.adoc,4 weeks ago,1738879265
530,../jekyll/_cci2/server/v4.4/air-gapped-installation/additional-considerations.adoc,additional-considerations.adoc,6 months ago,1725278618
531,../jekyll/_cci2/server/v4.4/air-gapped-installation/example-values.adoc,example-values.adoc,6 months ago,1725278618
532,../jekyll/_cci2/server/v4.4/air-gapped-installation/phase-1-prerequisites.adoc,phase-1-prerequisites.adoc,6 months ago,1725278618
533,../jekyll/_cci2/server/v4.4/air-gapped-installation/phase-2-configure-object-storage.adoc,phase-2-configure-object-storage.adoc,6 weeks ago,1737722974
534,../jekyll/_cci2/server/v4.4/air-gapped-installation/phase-3-install-circleci-server.adoc,phase-3-install-circleci-server.adoc,6 weeks ago,1737722974
535,../jekyll/_cci2/server/v4.4/air-gapped-installation/phase-4-configure-nomad-clients.adoc,phase-4-configure-nomad-clients.adoc,6 months ago,1725278618
536,../jekyll/_cci2/server/v4.4/air-gapped-installation/phase-5-test-your-installation.adoc,phase-5-test-your-installation.adoc,6 months ago,1725278618
537,../jekyll/_cci2/server/v4.4/installation/hardening-your-cluster.adoc,hardening-your-cluster.adoc,7 months ago,1723579456
538,../jekyll/_cci2/server/v4.4/installation/installation-reference.adoc,installation-reference.adoc,5 months ago,1728297919
539,../jekyll/_cci2/server/v4.4/installation/installing-server-behind-a-proxy.adoc,installing-server-behind-a-proxy.adoc,5 months ago,1728297919
540,../jekyll/_cci2/server/v4.4/installation/phase-1-prerequisites.adoc,phase-1-prerequisites.adoc,8 weeks ago,1736519352
541,../jekyll/_cci2/server/v4.4/installation/phase-2-core-services.adoc,phase-2-core-services.adoc,6 months ago,1725444412
542,../jekyll/_cci2/server/v4.4/installation/phase-3-execution-environments.adoc,phase-3-execution-environments.adoc,5 months ago,1728297919
543,../jekyll/_cci2/server/v4.4/installation/phase-4-post-installation.adoc,phase-4-post-installation.adoc,6 months ago,1725278618
544,../jekyll/_cci2/server/v4.4/installation/upgrade-server.adoc,upgrade-server.adoc,8 weeks ago,1736519352
545,../jekyll/_cci2/server/v4.4/operator/application-lifecycle.adoc,application-lifecycle.adoc,7 months ago,1723579456
546,../jekyll/_cci2/server/v4.4/operator/backup-and-restore.adoc,backup-and-restore.adoc,6 months ago,1725278618
547,../jekyll/_cci2/server/v4.4/operator/circleci-server-security-features.adoc,circleci-server-security-features.adoc,7 months ago,1723579456
548,../jekyll/_cci2/server/v4.4/operator/configuring-external-services.adoc,configuring-external-services.adoc,3 days ago,1741030754
549,../jekyll/_cci2/server/v4.4/operator/expanding-internal-database-volumes.adoc,expanding-internal-database-volumes.adoc,7 months ago,1723579456
550,../jekyll/_cci2/server/v4.4/operator/faq.adoc,faq.adoc,7 months ago,1723579456
551,../jekyll/_cci2/server/v4.4/operator/introduction-to-nomad-cluster-operation.adoc,introduction-to-nomad-cluster-operation.adoc,7 months ago,1723579456
552,../jekyll/_cci2/server/v4.4/operator/manage-virtual-machines-with-machine-provisioner.adoc,manage-virtual-machines-with-machine-provisioner.adoc,4 weeks ago,1738858658
553,../jekyll/_cci2/server/v4.4/operator/managing-build-artifacts.adoc,managing-build-artifacts.adoc,7 months ago,1723579456
554,../jekyll/_cci2/server/v4.4/operator/managing-load-balancers.adoc,managing-load-balancers.adoc,7 months ago,1723579456
555,../jekyll/_cci2/server/v4.4/operator/managing-orbs.adoc,managing-orbs.adoc,5 months ago,1728297919
556,../jekyll/_cci2/server/v4.4/operator/managing-user-accounts.adoc,managing-user-accounts.adoc,7 months ago,1723579456
557,../jekyll/_cci2/server/v4.4/operator/operator-overview.adoc,operator-overview.adoc,5 months ago,1728297919
558,../jekyll/_cci2/server/v4.4/operator/troubleshooting-and-support.adoc,troubleshooting-and-support.adoc,7 months ago,1723579456
559,../jekyll/_cci2/server/v4.4/operator/upgrade-mongo.adoc,upgrade-mongo.adoc,6 months ago,1725278618
560,../jekyll/_cci2/server/v4.4/operator/usage-data-collection.adoc,usage-data-collection.adoc,7 months ago,1723579456
561,../jekyll/_cci2/server/v4.4/operator/user-authentication.adoc,user-authentication.adoc,6 months ago,1725278618
562,../jekyll/_cci2/server/v4.4/overview/circleci-server-overview.adoc,circleci-server-overview.adoc,7 months ago,1723579456
563,../jekyll/_cci2/server/v4.4/overview/release-notes.adoc,release-notes.adoc,6 months ago,1725993095
564,../jekyll/_cci2/server/v4.5/air-gapped-installation/additional-considerations.adoc,additional-considerations.adoc,6 months ago,1725278618
565,../jekyll/_cci2/server/v4.5/air-gapped-installation/example-values.adoc,example-values.adoc,6 months ago,1725278618
566,../jekyll/_cci2/server/v4.5/air-gapped-installation/phase-1-prerequisites.adoc,phase-1-prerequisites.adoc,6 months ago,1725278618
567,../jekyll/_cci2/server/v4.5/air-gapped-installation/phase-2-configure-object-storage.adoc,phase-2-configure-object-storage.adoc,6 weeks ago,1737722974
568,../jekyll/_cci2/server/v4.5/air-gapped-installation/phase-3-install-circleci-server.adoc,phase-3-install-circleci-server.adoc,6 weeks ago,1737722974
569,../jekyll/_cci2/server/v4.5/air-gapped-installation/phase-4-configure-nomad-clients.adoc,phase-4-configure-nomad-clients.adoc,6 months ago,1725278618
570,../jekyll/_cci2/server/v4.5/air-gapped-installation/phase-5-test-your-installation.adoc,phase-5-test-your-installation.adoc,6 months ago,1725278618
571,../jekyll/_cci2/server/v4.5/installation/hardening-your-cluster.adoc,hardening-your-cluster.adoc,7 months ago,1723579456
572,../jekyll/_cci2/server/v4.5/installation/installation-reference.adoc,installation-reference.adoc,5 months ago,1728297919
573,../jekyll/_cci2/server/v4.5/installation/installing-server-behind-a-proxy.adoc,installing-server-behind-a-proxy.adoc,5 months ago,1728297919
574,../jekyll/_cci2/server/v4.5/installation/phase-1-prerequisites.adoc,phase-1-prerequisites.adoc,8 weeks ago,1736519352
575,../jekyll/_cci2/server/v4.5/installation/phase-2-core-services.adoc,phase-2-core-services.adoc,6 months ago,1725444412
576,../jekyll/_cci2/server/v4.5/installation/phase-3-execution-environments.adoc,phase-3-execution-environments.adoc,5 months ago,1728297919
577,../jekyll/_cci2/server/v4.5/installation/phase-4-post-installation.adoc,phase-4-post-installation.adoc,6 months ago,1725278618
578,../jekyll/_cci2/server/v4.5/installation/upgrade-server.adoc,upgrade-server.adoc,8 weeks ago,1736519352
579,../jekyll/_cci2/server/v4.5/operator/application-lifecycle.adoc,application-lifecycle.adoc,7 months ago,1723579456
580,../jekyll/_cci2/server/v4.5/operator/backup-and-restore.adoc,backup-and-restore.adoc,6 months ago,1725278618
581,../jekyll/_cci2/server/v4.5/operator/circleci-server-security-features.adoc,circleci-server-security-features.adoc,7 months ago,1723579456
582,../jekyll/_cci2/server/v4.5/operator/configuring-external-services.adoc,configuring-external-services.adoc,3 days ago,1741030754
583,../jekyll/_cci2/server/v4.5/operator/expanding-internal-database-volumes.adoc,expanding-internal-database-volumes.adoc,7 months ago,1723579456
584,../jekyll/_cci2/server/v4.5/operator/faq.adoc,faq.adoc,7 months ago,1723579456
585,../jekyll/_cci2/server/v4.5/operator/introduction-to-nomad-cluster-operation.adoc,introduction-to-nomad-cluster-operation.adoc,7 months ago,1723579456
586,../jekyll/_cci2/server/v4.5/operator/manage-virtual-machines-with-machine-provisioner.adoc,manage-virtual-machines-with-machine-provisioner.adoc,4 weeks ago,1738858658
587,../jekyll/_cci2/server/v4.5/operator/managing-build-artifacts.adoc,managing-build-artifacts.adoc,7 months ago,1723579456
588,../jekyll/_cci2/server/v4.5/operator/managing-load-balancers.adoc,managing-load-balancers.adoc,7 months ago,1723579456
589,../jekyll/_cci2/server/v4.5/operator/managing-orbs.adoc,managing-orbs.adoc,5 months ago,1728297919
590,../jekyll/_cci2/server/v4.5/operator/managing-user-accounts.adoc,managing-user-accounts.adoc,6 months ago,1725278618
591,../jekyll/_cci2/server/v4.5/operator/operator-overview.adoc,operator-overview.adoc,5 months ago,1728297919
592,../jekyll/_cci2/server/v4.5/operator/troubleshooting-and-support.adoc,troubleshooting-and-support.adoc,7 months ago,1723579456
593,../jekyll/_cci2/server/v4.5/operator/upgrade-mongo.adoc,upgrade-mongo.adoc,6 months ago,1725278618
594,../jekyll/_cci2/server/v4.5/operator/usage-data-collection.adoc,usage-data-collection.adoc,7 months ago,1723579456
595,../jekyll/_cci2/server/v4.5/operator/user-authentication.adoc,user-authentication.adoc,6 months ago,1725278618
596,../jekyll/_cci2/server/v4.5/overview/circleci-server-overview.adoc,circleci-server-overview.adoc,7 months ago,1723579456
597,../jekyll/_cci2/server/v4.5/overview/release-notes.adoc,release-notes.adoc,6 months ago,1725993095
598,../jekyll/_cci2/server/v4.6/air-gapped-installation/additional-considerations.adoc,additional-considerations.adoc,4 months ago,1731020675
599,../jekyll/_cci2/server/v4.6/air-gapped-installation/example-values.adoc,example-values.adoc,4 months ago,1731020675
600,../jekyll/_cci2/server/v4.6/air-gapped-installation/phase-1-prerequisites.adoc,phase-1-prerequisites.adoc,4 months ago,1731020675
601,../jekyll/_cci2/server/v4.6/air-gapped-installation/phase-2-configure-object-storage.adoc,phase-2-configure-object-storage.adoc,6 weeks ago,1737722974
602,../jekyll/_cci2/server/v4.6/air-gapped-installation/phase-3-install-circleci-server.adoc,phase-3-install-circleci-server.adoc,6 weeks ago,1737722974
603,../jekyll/_cci2/server/v4.6/air-gapped-installation/phase-4-configure-nomad-clients.adoc,phase-4-configure-nomad-clients.adoc,4 months ago,1731020675
604,../jekyll/_cci2/server/v4.6/air-gapped-installation/phase-5-test-your-installation.adoc,phase-5-test-your-installation.adoc,4 months ago,1731020675
605,../jekyll/_cci2/server/v4.6/installation/hardening-your-cluster.adoc,hardening-your-cluster.adoc,4 months ago,1731020675
606,../jekyll/_cci2/server/v4.6/installation/installation-reference.adoc,installation-reference.adoc,4 months ago,1731020675
607,../jekyll/_cci2/server/v4.6/installation/installing-server-behind-a-proxy.adoc,installing-server-behind-a-proxy.adoc,4 months ago,1731020675
608,../jekyll/_cci2/server/v4.6/installation/phase-1-prerequisites.adoc,phase-1-prerequisites.adoc,8 weeks ago,1736519352
609,../jekyll/_cci2/server/v4.6/installation/phase-2-core-services.adoc,phase-2-core-services.adoc,4 months ago,1731020675
610,../jekyll/_cci2/server/v4.6/installation/phase-3-execution-environments.adoc,phase-3-execution-environments.adoc,4 months ago,1731020675
611,../jekyll/_cci2/server/v4.6/installation/phase-4-post-installation.adoc,phase-4-post-installation.adoc,4 months ago,1731020675
612,../jekyll/_cci2/server/v4.6/installation/upgrade-server.adoc,upgrade-server.adoc,8 weeks ago,1736519352
613,../jekyll/_cci2/server/v4.6/operator/application-lifecycle.adoc,application-lifecycle.adoc,4 months ago,1731020675
614,../jekyll/_cci2/server/v4.6/operator/backup-and-restore.adoc,backup-and-restore.adoc,4 months ago,1731020675
615,../jekyll/_cci2/server/v4.6/operator/circleci-server-security-features.adoc,circleci-server-security-features.adoc,4 months ago,1731020675
616,../jekyll/_cci2/server/v4.6/operator/configuring-external-services.adoc,configuring-external-services.adoc,3 days ago,1741030754
617,../jekyll/_cci2/server/v4.6/operator/expanding-internal-database-volumes.adoc,expanding-internal-database-volumes.adoc,4 months ago,1731020675
618,../jekyll/_cci2/server/v4.6/operator/faq.adoc,faq.adoc,4 months ago,1731020675
619,../jekyll/_cci2/server/v4.6/operator/introduction-to-nomad-cluster-operation.adoc,introduction-to-nomad-cluster-operation.adoc,4 months ago,1731020675
620,../jekyll/_cci2/server/v4.6/operator/manage-virtual-machines-with-machine-provisioner.adoc,manage-virtual-machines-with-machine-provisioner.adoc,4 weeks ago,1738858658
621,../jekyll/_cci2/server/v4.6/operator/managing-build-artifacts.adoc,managing-build-artifacts.adoc,4 months ago,1731020675
622,../jekyll/_cci2/server/v4.6/operator/managing-load-balancers.adoc,managing-load-balancers.adoc,4 months ago,1731020675
623,../jekyll/_cci2/server/v4.6/operator/managing-orbs.adoc,managing-orbs.adoc,4 months ago,1731020675
624,../jekyll/_cci2/server/v4.6/operator/managing-user-accounts.adoc,managing-user-accounts.adoc,4 months ago,1731020675
625,../jekyll/_cci2/server/v4.6/operator/operator-overview.adoc,operator-overview.adoc,4 months ago,1731020675
626,../jekyll/_cci2/server/v4.6/operator/troubleshooting-and-support.adoc,troubleshooting-and-support.adoc,4 months ago,1731020675
627,../jekyll/_cci2/server/v4.6/operator/upgrade-mongo.adoc,upgrade-mongo.adoc,4 months ago,1731020675
628,../jekyll/_cci2/server/v4.6/operator/usage-data-collection.adoc,usage-data-collection.adoc,4 months ago,1731020675
629,../jekyll/_cci2/server/v4.6/operator/user-authentication.adoc,user-authentication.adoc,4 months ago,1731020675
630,../jekyll/_cci2/server/v4.6/overview/circleci-server-overview.adoc,circleci-server-overview.adoc,4 months ago,1731020675
631,../jekyll/_cci2/server/v4.6/overview/release-notes.adoc,release-notes.adoc,4 months ago,1731020675
632,../jekyll/_cci2/set-a-nightly-scheduled-pipeline.adoc,set-a-nightly-scheduled-pipeline.adoc,6 months ago,1725633927
633,../jekyll/_cci2/set-a-nightly-scheduled-pipeline.adoc,set-a-nightly-scheduled-pipeline.adoc,6 months ago,1725633927
634,../jekyll/_cci2/set-environment-variable.adoc,set-environment-variable.adoc,3 days ago,1741018495
635,../jekyll/_cci2/set-environment-variable.adoc,set-environment-variable.adoc,3 days ago,1741018495
636,../jekyll/_cci2/set-up-multiple-configuration-files-for-a-project.adoc,set-up-multiple-configuration-files-for-a-project.adoc,2 weeks ago,1739960473
637,../jekyll/_cci2/set-up-multiple-configuration-files-for-a-project.adoc,set-up-multiple-configuration-files-for-a-project.adoc,2 weeks ago,1739960473
638,../jekyll/_cci2/skip-build.adoc,skip-build.adoc,3 months ago,1733857126
639,../jekyll/_cci2/skip-build.adoc,skip-build.adoc,3 months ago,1733857126
640,../jekyll/_cci2/slack-orb-tutorial.adoc,slack-orb-tutorial.adoc,3 months ago,1733857126
641,../jekyll/_cci2/slack-orb-tutorial.adoc,slack-orb-tutorial.adoc,3 months ago,1733857126
642,../jekyll/_cci2/ssh-access-jobs.adoc,ssh-access-jobs.adoc,3 months ago,1734514854
643,../jekyll/_cci2/ssh-access-jobs.adoc,ssh-access-jobs.adoc,3 months ago,1734514854
644,../jekyll/_cci2/status-badges.adoc,status-badges.adoc,3 months ago,1733857126
645,../jekyll/_cci2/status-badges.adoc,status-badges.adoc,3 months ago,1733857126
646,../jekyll/_cci2/stop-building-a-project-on-circleci.adoc,stop-building-a-project-on-circleci.adoc,3 months ago,1733857126
647,../jekyll/_cci2/stop-building-a-project-on-circleci.adoc,stop-building-a-project-on-circleci.adoc,3 months ago,1733857126
648,../jekyll/_cci2/style/formatting.adoc,formatting.adoc,"1 year, 8 months ago",1688420707
649,../jekyll/_cci2/style/headings.adoc,headings.adoc,"2 years, 3 months ago",1669936634
650,../jekyll/_cci2/style/links.adoc,links.adoc,"2 years, 6 months ago",1663236642
651,../jekyll/_cci2/style/style-and-voice.adoc,style-and-voice.adoc,"1 year, 8 months ago",1688420707
652,../jekyll/_cci2/style/style-guide-overview.adoc,style-guide-overview.adoc,"2 years, 8 months ago",1658013448
653,../jekyll/_cci2/style/using-code-samples.adoc,using-code-samples.adoc,"2 years, 7 months ago",1660209648
654,../jekyll/_cci2/style/using-images.adoc,using-images.adoc,"1 year, 8 months ago",1688420707
655,../jekyll/_cci2/style/using-lists.adoc,using-lists.adoc,"2 years, 6 months ago",1662552872
656,../jekyll/_cci2/style/using-tables.adoc,using-tables.adoc,2 years ago,1679314870
657,../jekyll/_cci2/sumo-logic-integration.adoc,sumo-logic-integration.adoc,3 months ago,1733857126
658,../jekyll/_cci2/sumo-logic-integration.adoc,sumo-logic-integration.adoc,3 months ago,1733857126
659,../jekyll/_cci2/templates/template-conceptual.adoc,template-conceptual.adoc,3 months ago,1733857126
660,../jekyll/_cci2/templates/template-how-to.adoc,template-how-to.adoc,3 months ago,1733857126
661,../jekyll/_cci2/templates/template-tutorial.adoc,template-tutorial.adoc,3 months ago,1733857126
662,../jekyll/_cci2/test-config-policies.adoc,test-config-policies.adoc,3 months ago,1733857126
663,../jekyll/_cci2/test-config-policies.adoc,test-config-policies.adoc,3 months ago,1733857126
664,../jekyll/_cci2/test-splitting-tutorial.adoc,test-splitting-tutorial.adoc,3 days ago,1741018495
665,../jekyll/_cci2/test-splitting-tutorial.adoc,test-splitting-tutorial.adoc,3 days ago,1741018495
666,../jekyll/_cci2/test.adoc,test.adoc,3 days ago,1741018495
667,../jekyll/_cci2/test.adoc,test.adoc,3 days ago,1741018495
668,../jekyll/_cci2/testing-ios.adoc,testing-ios.adoc,3 months ago,1733857126
669,../jekyll/_cci2/testing-ios.adoc,testing-ios.adoc,3 months ago,1733857126
670,../jekyll/_cci2/testing-llm-enabled-applications-through-evaluations.adoc,testing-llm-enabled-applications-through-evaluations.adoc,3 months ago,1733857126
671,../jekyll/_cci2/testing-llm-enabled-applications-through-evaluations.adoc,testing-llm-enabled-applications-through-evaluations.adoc,3 months ago,1733857126
672,../jekyll/_cci2/testing-macos.adoc,testing-macos.adoc,3 months ago,1733857126
673,../jekyll/_cci2/testing-macos.adoc,testing-macos.adoc,3 months ago,1733857126
674,../jekyll/_cci2/testing-orbs.adoc,testing-orbs.adoc,5 weeks ago,1738076977
675,../jekyll/_cci2/testing-orbs.adoc,testing-orbs.adoc,5 weeks ago,1738076977
676,../jekyll/_cci2/triggers-overview.adoc,triggers-overview.adoc,60 minutes ago,1741261391
677,../jekyll/_cci2/triggers-overview.adoc,triggers-overview.adoc,61 minutes ago,1741261391
678,../jekyll/_cci2/troubleshoot-pipelines.adoc,troubleshoot-pipelines.adoc,7 days ago,1740647260
679,../jekyll/_cci2/troubleshoot-pipelines.adoc,troubleshoot-pipelines.adoc,7 days ago,1740647260
680,../jekyll/_cci2/troubleshoot-self-hosted-runner.adoc,troubleshoot-self-hosted-runner.adoc,"1 year, 7 months ago",1691457059
681,../jekyll/_cci2/troubleshoot-self-hosted-runner.adoc,troubleshoot-self-hosted-runner.adoc,"1 year, 7 months ago",1691457059
682,../jekyll/_cci2/troubleshoot-test-splitting.adoc,troubleshoot-test-splitting.adoc,3 months ago,1733857126
683,../jekyll/_cci2/troubleshoot-test-splitting.adoc,troubleshoot-test-splitting.adoc,3 months ago,1733857126
684,../jekyll/_cci2/troubleshoot.adoc,troubleshoot.adoc,3 months ago,1733857126
685,../jekyll/_cci2/troubleshoot.adoc,troubleshoot.adoc,3 months ago,1733857126
686,../jekyll/_cci2/use-the-circleci-cli-to-split-tests.adoc,use-the-circleci-cli-to-split-tests.adoc,3 months ago,1733857126
687,../jekyll/_cci2/use-the-circleci-cli-to-split-tests.adoc,use-the-circleci-cli-to-split-tests.adoc,3 months ago,1733857126
688,../jekyll/_cci2/use-the-cli-for-config-and-policy-development.adoc,use-the-cli-for-config-and-policy-development.adoc,3 months ago,1733857126
689,../jekyll/_cci2/use-the-cli-for-config-and-policy-development.adoc,use-the-cli-for-config-and-policy-development.adoc,3 months ago,1733857126
690,../jekyll/_cci2/using-arm.adoc,using-arm.adoc,60 minutes ago,1741261391
691,../jekyll/_cci2/using-arm.adoc,using-arm.adoc,61 minutes ago,1741261391
692,../jekyll/_cci2/using-branch-filters.adoc,using-branch-filters.adoc,3 days ago,1741018495
693,../jekyll/_cci2/using-branch-filters.adoc,using-branch-filters.adoc,3 days ago,1741018495
694,../jekyll/_cci2/using-docker.adoc,using-docker.adoc,3 days ago,1741018495
695,../jekyll/_cci2/using-docker.adoc,using-docker.adoc,3 days ago,1741018495
696,../jekyll/_cci2/using-dynamic-configuration.adoc,using-dynamic-configuration.adoc,3 months ago,1733857126
697,../jekyll/_cci2/using-dynamic-configuration.adoc,using-dynamic-configuration.adoc,3 months ago,1733857126
698,../jekyll/_cci2/using-gpu.adoc,using-gpu.adoc,60 minutes ago,1741261391
699,../jekyll/_cci2/using-gpu.adoc,using-gpu.adoc,61 minutes ago,1741261391
700,../jekyll/_cci2/using-linuxvm.adoc,using-linuxvm.adoc,60 minutes ago,1741261391
701,../jekyll/_cci2/using-linuxvm.adoc,using-linuxvm.adoc,61 minutes ago,1741261391
702,../jekyll/_cci2/using-macos.adoc,using-macos.adoc,60 minutes ago,1741261391
703,../jekyll/_cci2/using-macos.adoc,using-macos.adoc,61 minutes ago,1741261391
704,../jekyll/_cci2/using-matrix-jobs.adoc,using-matrix-jobs.adoc,3 days ago,1741018495
705,../jekyll/_cci2/using-matrix-jobs.adoc,using-matrix-jobs.adoc,3 days ago,1741018495
706,../jekyll/_cci2/using-shell-scripts.adoc,using-shell-scripts.adoc,3 months ago,1733857126
707,../jekyll/_cci2/using-shell-scripts.adoc,using-shell-scripts.adoc,3 months ago,1733857126
708,../jekyll/_cci2/using-windows.adoc,using-windows.adoc,60 minutes ago,1741261391
709,../jekyll/_cci2/using-windows.adoc,using-windows.adoc,61 minutes ago,1741261391
710,../jekyll/_cci2/variables.adoc,variables.adoc,3 months ago,1733857126
711,../jekyll/_cci2/variables.adoc,variables.adoc,3 months ago,1733857126
712,../jekyll/_cci2/version-control-system-integration-overview.adoc,version-control-system-integration-overview.adoc,9 days ago,1740510145
713,../jekyll/_cci2/version-control-system-integration-overview.adoc,version-control-system-integration-overview.adoc,9 days ago,1740510145
714,../jekyll/_cci2/vs-code-extension-overview.adoc,vs-code-extension-overview.adoc,4 months ago,1730243038
715,../jekyll/_cci2/vs-code-extension-overview.adoc,vs-code-extension-overview.adoc,4 months ago,1730243038
716,../jekyll/_cci2/webhooks-airtable.adoc,webhooks-airtable.adoc,"1 year, 4 months ago",1700472966
717,../jekyll/_cci2/webhooks-airtable.adoc,webhooks-airtable.adoc,"1 year, 4 months ago",1700472966
718,../jekyll/_cci2/webhooks-reference.adoc,webhooks-reference.adoc,3 months ago,1733857126
719,../jekyll/_cci2/webhooks-reference.adoc,webhooks-reference.adoc,3 months ago,1733857126
720,../jekyll/_cci2/webhooks.adoc,webhooks.adoc,60 minutes ago,1741261391
721,../jekyll/_cci2/webhooks.adoc,webhooks.adoc,60 minutes ago,1741261391
722,../jekyll/_cci2/windows-images-support-policy.adoc,windows-images-support-policy.adoc,"1 year, 3 months ago",1701931616
723,../jekyll/_cci2/windows-images-support-policy.adoc,windows-images-support-policy.adoc,"1 year, 3 months ago",1701931616
724,../jekyll/_cci2/workflows.adoc,workflows.adoc,3 days ago,1741018495
725,../jekyll/_cci2/workflows.adoc,workflows.adoc,3 days ago,1741018495
726,../jekyll/_cci2/workspaces.adoc,workspaces.adoc,3 days ago,1741018495
727,../jekyll/_cci2/workspaces.adoc,workspaces.adoc,3 days ago,1741018495
728,../jekyll/_cci2/xcode-policy.adoc,xcode-policy.adoc,3 months ago,1733857126
729,../jekyll/_cci2/xcode-policy.adoc,xcode-policy.adoc,3 months ago,1733857126
